customer_key,customer_name,segment,is_copier_buyer,lifetime_sales,lifetime_profit,lifetime_margin
AA-10315,Alex Avila,Consumer,False,13747.413,447.69049999999964,0.032565436129692156
AA-10375,Allen Armold,Consumer,False,5884.195000000001,677.4774,0.11513510344235701
AA-10480,Andrew Allen,Consumer,True,17695.589780000002,1516.47518,0.08569791676081676
AA-10645,Anna Andreadi,Consumer,True,15343.890699999998,3051.439,0.19886996457814968
AA-315,Alex Avila,Consumer,True,2243.256,535.566,0.23874493147460657
AA-375,Allen Armold,Consumer,False,654.492,77.44200000000001,0.11832382977943201
AA-480,Andrew Allen,Consumer,False,2063.493,554.6129999999999,0.268773870325705
AA-645,Anna Andreadi,Consumer,True,1968.3240000000003,-608.3459999999999,-0.3090680192895071
AB-10015,Aaron Bergman,Consumer,True,20037.4975,3719.488,0.18562637375251073
AB-10060,Adam Bellavance,Home Office,False,18416.5504,4514.0589,0.2451088179901487
AB-10105,Adrian Barton,Consumer,True,22966.78,6912.6145,0.3009831809247966
AB-10150,Aimee Bixby,Consumer,True,13057.294600000001,2064.2143,0.15808897349991627
AB-10165,Alan Barnes,Consumer,True,11649.265000000001,2329.4700000000003,0.19996712238926662
AB-10255,Alejandro Ballentine,Home Office,True,10786.7164,-43.238100000000344,-0.004008458032696618
AB-105,Adrian Barton,Consumer,True,2156.4,-495.3299999999999,-0.22970228158041175
AB-10600,Ann Blume,Corporate,False,13318.6631,905.3606999999998,0.06797684521354098
AB-15,Aaron Bergman,Consumer,True,4607.13,963.7199999999999,0.20918011864219155
AB-150,Aimee Bixby,Consumer,False,3143.88,862.1399999999999,0.2742280239703805
AB-165,Alan Barnes,Consumer,True,1399.7759999999998,106.59599999999999,0.07615218434949592
AB-255,Alejandro Ballentine,Home Office,True,4679.502,801.8520000000001,0.17135413127294316
AB-60,Adam Bellavance,Home Office,False,1770.228,465.918,0.26319660518306115
AB-600,Ann Blume,Corporate,False,5408.55,964.65,0.178356491111296
AC-10420,Alyssa Crouse,Corporate,False,10607.6947,206.48050000000006,0.01946516239763198
AC-10450,Amy Cox,Consumer,False,16126.3904,4105.6042,0.2545891608825246
AC-10615,Ann Chong,Corporate,True,12729.72448,1160.67578,0.09117838974626417
AC-10660,Anna Chung,Consumer,True,6255.61908,-998.99732,-0.15969599606758664
AC-420,Alyssa Crouse,Corporate,False,1689.675,237.555,0.14059212570464735
AC-450,Amy Cox,Consumer,False,1026.597,-125.19299999999998,-0.12194950891148132
AC-615,Ann Chong,Corporate,False,2298.4320000000002,-280.5479999999999,-0.122060604794921
AC-660,Anna Chung,Consumer,True,2676.09,726.87,0.2716164254565429
AD-10180,Alan Dominguez,Home Office,True,17858.5048,2050.7542,0.11483347698851026
AD-180,Alan Dominguez,Home Office,False,681.288,-510.762,-0.7497005671610244
AF-10870,Art Ferguson,Consumer,True,26487.2585,1736.0717,0.06554365375336976
AF-10885,Art Foster,Consumer,True,19711.167279999998,2882.91478,0.1462579429745472
AF-870,Art Ferguson,Consumer,False,1700.082,542.232,0.31894461561265863
AF-885,Art Foster,Consumer,False,354.99,88.32,0.2487957407250908
AG-10270,Alejandro Grove,Consumer,True,10637.40422,2151.99612,0.20230462954053274
AG-10300,Aleksandra Gannaway,Corporate,True,13013.8762,1845.7666000000002,0.14183065611151274
AG-10330,Alex Grayson,Consumer,True,14534.506179999998,929.46708,0.06394899616740884
AG-10390,Allen Goldenen,Consumer,True,8453.0096,995.7429999999999,0.11779745287406275
AG-10495,Andrew Gjertsen,Corporate,True,15380.31006,2749.06186,0.17873904032335222
AG-10525,Andy Gerbode,Corporate,True,8468.963,36.033700000000096,0.0042547948314333285
AG-10675,Anna Gayman,Consumer,True,13023.836,680.7906999999998,0.05227267143105916
AG-10765,Anthony Garverick,Home Office,True,9824.779499999999,1250.5845,0.12728881090919142
AG-10900,Arthur Gainer,Consumer,True,18174.17176,1879.7671599999999,0.1034306919084603
AG-270,Alejandro Grove,Consumer,True,2779.806,450.576,0.1620890090891235
AG-300,Aleksandra Gannaway,Corporate,False,1703.3100000000002,-1072.62,-0.6297268260034872
AG-330,Alex Grayson,Consumer,False,532.545,77.50500000000001,0.1455369968735037
AG-390,Allen Goldenen,Consumer,True,473.1120000000001,-548.478,-1.1592984325064675
AG-495,Andrew Gjertsen,Corporate,False,1003.9920000000001,-106.84800000000001,-0.10642315875026893
AG-525,Andy Gerbode,Corporate,False,2870.6760000000004,133.356,0.046454563315400266
AG-675,Anna Gayman,Consumer,True,2368.131,242.2710000000001,0.10230472891913502
AG-765,Anthony Garverick,Home Office,True,1859.5320000000002,-1075.2779999999998,-0.5782519472641502
AG-900,Arthur Gainer,Consumer,False,1699.47,-146.51999999999998,-0.08621511412381506
AH-10030,Aaron Hawkins,Corporate,True,14439.49784,2601.43304,0.1801609078671395
AH-10075,Adam Hart,Corporate,True,18109.86142,986.0434199999997,0.05444787219139304
AH-10120,Adrian Hane,Home Office,True,9927.83588,1705.13728,0.1717531696343876
AH-10195,Alan Haines,Corporate,True,12628.191780000001,158.90888000000012,0.012583660651374754
AH-10210,Alan Hwang,Consumer,True,20365.74018,4139.66078,0.20326591341204078
AH-10465,Amy Hunt,Consumer,True,8547.83068,611.8889799999997,0.07158412501451185
AH-10585,Angele Hood,Consumer,True,9125.8911,1458.3500999999999,0.15980358345498993
AH-10690,Anna Häberlin,Corporate,True,16276.161119999999,2795.8437199999994,0.171775377460751
AH-120,Adrian Hane,Home Office,False,1478.0819999999999,376.242,0.2545474472999469
AH-195,Alan Haines,Corporate,True,2651.565,-751.1549999999999,-0.2832874170537022
AH-210,Alan Hwang,Consumer,False,3277.11,202.70999999999995,0.06185633073043015
AH-30,Aaron Hawkins,Corporate,True,6320.0160000000005,-150.5039999999998,-0.023813863762370185
AH-465,Amy Hunt,Consumer,True,650.8259999999999,106.446,0.16355523596168564
AH-585,Angele Hood,Consumer,True,2232.222,151.722,0.06796904608950184
AH-690,Anna Häberlin,Corporate,True,1817.8980000000004,-329.83199999999977,-0.18143592214744705
AH-75,Adam Hart,Corporate,True,3608.34,915.99,0.2538535725569098
AI-10855,Arianne Irving,Consumer,False,8358.6023,1612.7634,0.19294654083494317
AI-855,Arianne Irving,Consumer,False,919.9739999999999,-74.58599999999996,-0.08107403035303168
AJ-10780,Anthony Jacobs,Corporate,False,15186.0672,1784.2461999999998,0.11749231558780406
AJ-10795,Anthony Johnson,Corporate,True,8887.077,1861.0923999999998,0.2094155817486447
AJ-10945,Ashley Jarboe,Consumer,True,11087.024,1567.6391999999998,0.14139404767230593
AJ-10960,Astrea Jones,Consumer,True,8633.59348,1518.6719799999998,0.17590265090869206
AJ-780,Anthony Jacobs,Corporate,True,2570.994,-612.006,-0.23804256252640027
AJ-795,Anthony Johnson,Corporate,True,3395.58,617.4900000000001,0.1818511123283799
AJ-945,Ashley Jarboe,Consumer,True,4860.924,1439.0639999999999,0.29604741814519214
AJ-960,Astrea Jones,Consumer,False,4629.156000000001,1012.6860000000003,0.21876255628455815
AM-10360,Alice McCarthy,Corporate,True,16730.3296,2748.4754,0.16428100735086532
AM-10705,Anne McFarland,Consumer,True,24218.5645,2728.6450999999997,0.11266749934745306
AM-360,Alice McCarthy,Corporate,True,2035.8269999999998,229.377,0.11267018268251676
AM-705,Anne McFarland,Consumer,True,1303.77,509.94,0.3911272693803355
AO-10810,Anthony O'Donnell,Corporate,False,14537.7966,1028.3926,0.07073923430735025
AO-810,Anthony O'Donnell,Corporate,False,485.007,64.707,0.13341456927425788
AP-10720,Anne Pryor,Home Office,True,15362.0613,2937.4660999999996,0.1912156215650565
AP-10915,Arthur Prichep,Consumer,True,15877.8603,2420.1056,0.15242013434266075
AP-720,Anne Pryor,Home Office,False,999.699,55.299,0.05531565001065321
AP-915,Arthur Prichep,Consumer,True,2668.08,717.5100000000001,0.26892372042817314
AR-10345,Alex Russell,Corporate,True,14165.796199999999,1683.9278000000002,0.11887279586868547
AR-10405,Allen Rosenblatt,Corporate,True,8956.82078,-583.4818199999999,-0.06514385341982916
AR-10510,Andrew Roberts,Consumer,True,14277.88536,3518.96086,0.2464623276678277
AR-10540,Andy Reiter,Consumer,True,7983.9505,3050.9132999999997,0.3821307885112764
AR-10570,Anemone Ratner,Consumer,True,9445.64932,1584.83232,0.16778436995795645
AR-10825,Anthony Rawles,Corporate,True,15311.035600000001,2828.1048,0.18471022299758744
AR-345,Alex Russell,Corporate,False,2301.072,606.732,0.26367362690085316
AR-405,Allen Rosenblatt,Corporate,True,571.11,31.200000000000017,0.05463045647948734
AR-510,Andrew Roberts,Consumer,True,2638.638,42.79800000000003,0.01621973154331895
AR-540,Andy Reiter,Consumer,False,561.6,88.17000000000003,0.1569978632478633
AR-570,Anemone Ratner,Consumer,False,2044.278,409.818,0.2004707774578604
AR-825,Anthony Rawles,Corporate,False,2028.9119999999998,289.542,0.14270801296458396
AS-10045,Aaron Smayling,Corporate,False,12596.294399999999,660.9177999999998,0.05246922459989502
AS-10090,Adam Shillingsburg,Consumer,True,15009.47272,1344.9601199999997,0.08960741960028025
AS-10135,Adrian Shami,Home Office,False,7307.2442,750.2937999999999,0.10267807937772216
AS-10225,Alan Schoenberger,Corporate,True,21366.898699999998,2718.6598,0.12723698643266373
AS-10240,Alan Shonely,Consumer,True,9006.66636,630.3841600000001,0.06999084176134622
AS-10285,Alejandro Savely,Corporate,True,16179.86246,1794.86406,0.11093197265658339
AS-10630,Ann Steele,Home Office,True,9815.9395,3194.3633999999997,0.32542614998798636
AS-135,Adrian Shami,Home Office,False,3978.8099999999995,814.2,0.20463404887390957
AS-225,Alan Schoenberger,Corporate,False,469.51500000000004,-215.025,-0.45797258873518415
AS-240,Alan Shonely,Consumer,False,1686.5100000000002,545.0699999999999,0.3231940516213956
AS-285,Alejandro Savely,Corporate,True,4938.462,738.702,0.1495813878895899
AS-45,Aaron Smayling,Corporate,True,1616.3339999999998,-291.756,-0.1805047719097662
AS-630,Ann Steele,Home Office,True,2000.01,-1103.31,-0.5516522417387912
AS-90,Adam Shillingsburg,Consumer,False,435.204,76.314,0.17535224860065624
AT-10435,Alyssa Tate,Home Office,True,13654.305499999999,3016.8983000000003,0.22094849862558008
AT-10735,Annie Thurman,Consumer,True,12984.1049,2516.7079000000003,0.1938299112170605
AT-435,Alyssa Tate,Home Office,True,1287.9930000000002,-221.36700000000005,-0.17186972289445673
AT-735,Annie Thurman,Consumer,False,403.65000000000003,143.07,0.3544407283537718
AW-10840,Anthony Witt,Consumer,True,13200.25552,1444.8320199999998,0.10945485243152321
AW-10930,Arthur Wiediger,Home Office,True,10230.958560000001,2585.8819599999997,0.2527507021785845
AW-840,Anthony Witt,Consumer,True,1947.0000000000002,-228.42000000000004,-0.11731895223420648
AW-930,Arthur Wiediger,Home Office,False,782.055,95.085,0.121583520340641
AY-10555,Andy Yotov,Corporate,True,5446.61044,1850.51634,0.33975558934962125
AY-555,Andy Yotov,Corporate,True,3096.42,440.4600000000001,0.14224814463154226
AZ-10750,Annie Zypern,Consumer,False,9639.801,1606.5633,0.16665938435866054
AZ-750,Annie Zypern,Consumer,False,2231.277,-682.203,-0.3057455439194685
BB-10990,Barry Blumstein,Corporate,False,9064.5327,177.0665999999999,0.01953400201203973
BB-11545,Brenda Bowman,Corporate,True,15797.57188,1686.6588799999995,0.10676696981105932
BB-1545,Brenda Bowman,Corporate,False,207.228,52.187999999999995,0.25183855463547394
BB-990,Barry Blumstein,Corporate,False,822.288,122.358,0.14880187963341313
BC-11125,Becky Castell,Home Office,True,14789.447,2755.6784000000002,0.1863273454375948
BC-1125,Becky Castell,Home Office,False,396.04200000000003,-269.71799999999996,-0.6810338297453299
BD-11320,Bill Donatelli,Consumer,True,13390.267,1409.6197,0.10527196358369852
BD-11500,Bradley Drucker,Consumer,True,13089.849500000002,2412.359,0.18429234041231715
BD-11560,Brendan Dodson,Home Office,True,9356.77974,1909.86374,0.20411549625726255
BD-11605,Brian Dahlen,Consumer,True,9202.66214,1201.17744,0.1305249961072677
BD-11620,Brian DeCherney,Consumer,True,7849.00002,448.50691999999975,0.05714191857015688
BD-11635,Brian Derr,Consumer,False,11230.6983,1303.6163,0.11607615708098934
BD-11725,Bruce Degenhardt,Consumer,True,10877.827000000001,1574.1361,0.14471052904224344
BD-11770,Bryan Davis,Consumer,True,10168.32526,2397.81426,0.23581211248547337
BD-1320,Bill Donatelli,Consumer,False,1885.05,213.06,0.11302617967693165
BD-1500,Bradley Drucker,Consumer,False,52.04700000000001,-31.293,-0.6012450285319038
BD-1560,Brendan Dodson,Home Office,False,1564.02,114.83999999999997,0.07342617102083092
BD-1605,Brian Dahlen,Consumer,False,689.6399999999999,224.49,0.3255176613885506
BD-1620,Brian DeCherney,Consumer,True,2919.597,535.917,0.18355855277286556
BD-1635,Brian Derr,Consumer,True,5689.263000000001,1488.693,0.2616671087274397
BD-1725,Bruce Degenhardt,Consumer,False,5078.400000000001,901.02,0.17742202268431
BD-1770,Bryan Davis,Consumer,True,3405.0660000000003,-869.5439999999998,-0.25536773736544305
BE-11335,Bill Eplett,Home Office,True,27158.0184,7790.6963000000005,0.28686541798646104
BE-11410,Bobby Elias,Consumer,True,16552.06996,3398.09706,0.20529740801071383
BE-11455,Brad Eason,Home Office,True,17643.525299999998,517.9140999999998,0.029354343374903648
BE-1335,Bill Eplett,Home Office,False,1321.149,-380.691,-0.28815144998785147
BE-1410,Bobby Elias,Consumer,True,1859.859,391.059,0.2102627134637626
BE-1455,Brad Eason,Home Office,False,1340.3100000000002,460.10999999999996,0.34328625467242646
BF-1005,Barry Franz,Home Office,False,732.033,176.433,0.24101782296699736
BF-1020,Barry Französisch,Corporate,False,3006.996,-193.13399999999987,-0.0642282197914463
BF-1080,Bart Folk,Consumer,True,3808.17,896.9399999999999,0.2355304516342495
BF-10975,Barbara Fisher,Corporate,True,8104.779200000001,1217.0095999999999,0.15015950095222824
BF-11005,Barry Franz,Home Office,True,23347.838659999998,939.2375599999998,0.040228030254857
BF-11020,Barry Französisch,Corporate,True,10201.2813,1133.2553,0.11108950598195934
BF-11080,Bart Folk,Consumer,True,10134.5617,1187.5689,0.11718009472476743
BF-11170,Ben Ferrer,Home Office,True,22314.84044,3859.22114,0.17294415124215873
BF-11215,Benjamin Farhat,Home Office,True,12968.9385,878.9098000000001,0.06777037303399967
BF-11275,Beth Fritzler,Corporate,True,9578.59864,565.0688400000001,0.058992850753792535
BF-1170,Ben Ferrer,Home Office,False,904.9200000000001,275.88,0.3048667285505901
BF-1215,Benjamin Farhat,Home Office,False,398.91900000000004,-237.59099999999995,-0.5955870740676676
BF-1275,Beth Fritzler,Corporate,True,1009.974,96.38400000000001,0.09543215963975311
BF-975,Barbara Fisher,Corporate,False,1730.2320000000002,616.7220000000001,0.3564389053028727
BG-1035,Barry Gonzalez,Consumer,False,124.416,-219.80399999999992,-1.7666859567901227
BG-11035,Barry Gonzalez,Consumer,True,19899.147399999998,1749.982,0.08794256180041161
BG-11695,Brooke Gillingham,Corporate,True,10723.32038,568.9698799999998,0.053059114139794056
BG-11740,Bruce Geld,Consumer,True,14689.3425,2084.9244,0.14193449434513492
BG-1695,Brooke Gillingham,Corporate,False,488.85,-151.65,-0.31021785823872355
BG-1740,Bruce Geld,Consumer,False,692.454,-658.2959999999999,-0.9506710915093277
BH-11710,Brosina Hoffman,Consumer,True,23537.335,3243.9437999999996,0.13782120193301406
BH-1710,Brosina Hoffman,Consumer,True,4583.286,1632.9959999999999,0.3562937159060115
BK-11260,Berenike Kampe,Consumer,True,13294.68736,2389.4549599999996,0.179730060233624
BK-1260,Berenike Kampe,Consumer,False,291.56399999999996,58.22400000000001,0.1996954356504919
BM-11140,Becky Martin,Consumer,True,25312.292699999998,-1140.6354000000022,-0.04506250830451254
BM-1140,Becky Martin,Consumer,True,1857.69,43.70999999999988,0.023529221775430712
BM-11575,Brendan Murry,Corporate,True,10351.33308,-189.53732,-0.018310426158173628
BM-11650,Brian Moss,Corporate,True,14920.99608,3927.16918,0.26319752105986743
BM-11785,Bryan Mills,Consumer,True,18446.8529,2036.6847999999998,0.11040825288957552
BM-1575,Brendan Murry,Corporate,False,1703.9820000000002,471.672,0.27680574090571375
BM-1650,Brian Moss,Corporate,True,2537.1059999999998,458.67600000000004,0.18078708575834043
BM-1785,Bryan Mills,Consumer,False,2244.342,475.932,0.21205859000098914
BN-11470,Brad Norvell,Corporate,True,23378.103880000002,1548.04098,0.06621755930019418
BN-11515,Bradley Nguyen,Consumer,True,10272.22552,2018.69692,0.19651991830490886
BN-1470,Brad Norvell,Corporate,True,2823.852,576.0120000000001,0.20398094517701357
BN-1515,Bradley Nguyen,Consumer,False,2606.802,525.3720000000001,0.2015388970853943
BO-11350,Bill Overfelt,Corporate,True,7476.2547,555.1936999999998,0.07426093977242372
BO-11425,Bobby Odegard,Consumer,True,12356.58552,1904.89772,0.154160525730736
BO-1350,Bill Overfelt,Corporate,False,616.236,-139.97400000000002,-0.22714349697193936
BO-1425,Bobby Odegard,Consumer,False,2671.257,651.9269999999999,0.2440525190949429
BP-1050,Barry Pond,Corporate,True,4981.5419999999995,1245.8819999999998,0.2500996679341457
BP-1095,Bart Pistole,Corporate,True,1759.6680000000001,384.828,0.21869352627882074
BP-11050,Barry Pond,Corporate,True,5403.78676,845.07976,0.1563865854691868
BP-11095,Bart Pistole,Corporate,False,8327.8696,599.4306999999998,0.07197887680662048
BP-11155,Becky Pak,Consumer,True,13696.143460000001,3395.30716,0.2479024237673982
BP-11185,Ben Peterman,Corporate,True,15376.03172,1989.4898199999996,0.1293890293821532
BP-11230,Benjamin Patterson,Consumer,True,12573.613599999999,467.9241,0.037214766962458595
BP-11290,Beth Paige,Consumer,True,12448.89978,1858.8290799999995,0.1493167358441052
BP-1155,Becky Pak,Consumer,False,1110.78,180.9,0.16285853184248908
BP-1185,Ben Peterman,Corporate,True,1430.616,-645.534,-0.45122800248284656
BP-1230,Benjamin Patterson,Consumer,True,6134.988,444.2880000000003,0.07241872355740554
BP-1290,Beth Paige,Consumer,False,383.34000000000003,99.27,0.25896071372671775
BS-11365,Bill Shonely,Corporate,True,22551.02596,5680.727359999999,0.25190549512364624
BS-11380,Bill Stewart,Corporate,True,18305.9783,1776.7021,0.09705583994929133
BS-11590,Brendan Sweed,Corporate,True,11358.58602,1783.4587199999999,0.15701414919601056
BS-11665,Brian Stugart,Consumer,True,17468.881,3112.1578,0.1781543877939291
BS-11755,Bruce Stewart,Consumer,True,17557.4595,1194.7291,0.06804680939175739
BS-11800,Bryan Spruell,Home Office,False,10887.2118,1851.8634,0.17009528555327638
BS-1365,Bill Shonely,Corporate,False,957.63,288.18,0.3009304219792613
BS-1380,Bill Stewart,Corporate,False,469.458,38.328,0.08164308628247895
BS-1590,Brendan Sweed,Corporate,False,819.45,262.22999999999996,0.3200073219842577
BS-1665,Brian Stugart,Consumer,False,5101.908,500.718,0.09814328286593957
BS-1755,Bruce Stewart,Consumer,True,1679.76,-697.7699999999996,-0.415398628375482
BS-1800,Bryan Spruell,Home Office,False,6364.854,931.344,0.14632605869671167
BT-11305,Beth Thompson,Home Office,False,10321.82,908.1758000000001,0.08798601409441359
BT-11395,Bill Tyler,Corporate,False,11347.529,2743.9623,0.2418114375385161
BT-11440,Bobby Trafton,Consumer,True,8263.9755,290.93390000000005,0.03520507774980698
BT-11485,Brad Thomas,Home Office,True,8878.05054,1170.7539399999998,0.13187060996388514
BT-11530,Bradley Talbott,Home Office,False,13808.318,930.8343000000001,0.0674111285675779
BT-11680,Brian Thompson,Consumer,True,14087.7631,1663.9095,0.11811026975602677
BT-1305,Beth Thompson,Home Office,False,1305.96,-44.24999999999993,-0.03388312046310754
BT-1395,Bill Tyler,Corporate,False,448.84799999999996,-199.032,-0.44342851031975195
BT-1440,Bobby Trafton,Consumer,False,2132.565,-760.7249999999999,-0.3567183180817466
BT-1485,Brad Thomas,Home Office,True,2803.974,-231.12600000000003,-0.08242801110138682
BT-1530,Bradley Talbott,Home Office,False,1535.7810000000002,522.8009999999999,0.34041376993204103
BT-1680,Brian Thompson,Consumer,False,807.36,131.64,0.16304994054696786
BV-11245,Benjamin Venier,Corporate,True,20681.678,3415.0463999999997,0.165124241853103
BV-1245,Benjamin Venier,Corporate,False,684.2640000000001,-595.296,-0.8699800077163199
BW-1065,Barry Weirich,Consumer,False,9027.48,3341.3399999999997,0.3701298701298701
BW-11065,Barry Weirich,Consumer,True,8409.0559,354.0633,0.042105000158222286
BW-1110,Bart Watters,Corporate,False,1696.8300000000002,258.42,0.15229575148954225
BW-11110,Bart Watters,Corporate,True,30613.6165,3337.4658999999997,0.1090190013976297
BW-11200,Ben Wallace,Consumer,True,11862.369079999999,1567.88038,0.13217261825409332
BW-1200,Ben Wallace,Consumer,True,3105.8160000000003,784.326,0.25253459960280966
CA-11965,Carol Adams,Corporate,True,21110.5214,3382.260299999999,0.16021680544564848
CA-12055,Cathy Armstrong,Home Office,True,10691.028,1738.3699,0.162600818181376
CA-12265,Christina Anderson,Consumer,True,18472.6689,3270.7200000000003,0.1770572524038473
CA-12310,Christine Abelman,Corporate,True,7166.230860000001,727.9286599999999,0.10157761788879906
CA-12775,Cynthia Arntzen,Consumer,True,18350.464,4605.477500000001,0.25097335413426064
CA-1965,Carol Adams,Corporate,False,2883.141,-103.1789999999999,-0.03578701145729602
CA-2055,Cathy Armstrong,Home Office,False,1601.73,131.4,0.08203629825251448
CA-2265,Christina Anderson,Consumer,False,3364.6380000000004,391.398,0.11632692729500171
CA-2310,Christine Abelman,Corporate,True,636.06,139.23000000000002,0.21889444392038493
CA-2775,Cynthia Arntzen,Consumer,False,1485.8970000000002,-714.213,-0.4806611763803278
CB-12025,Cassandra Brandow,Consumer,False,11685.3186,-98.73150000000058,-0.0084491919629817
CB-12415,Christy Brittain,Consumer,True,12705.54736,2271.8956599999997,0.1788113172638632
CB-12535,Claudia Bergmann,Corporate,True,18108.67284,2401.9074399999995,0.1326385131159065
CB-2025,Cassandra Brandow,Consumer,True,1840.8899999999999,307.56,0.16707136222153415
CB-2415,Christy Brittain,Consumer,False,1232.568,-184.81199999999995,-0.14994061179586032
CB-2535,Claudia Bergmann,Corporate,True,147.12000000000003,-234.69,-1.595228384991843
CC-12100,Chad Cunningham,Home Office,True,11500.12324,2384.25944,0.20732468602658205
CC-12145,Charles Crestani,Consumer,True,12190.6666,1471.9290999999996,0.12074229804627744
CC-12220,Chris Cortes,Consumer,True,7308.7328,1315.8066000000001,0.1800321117225684
CC-12370,Christopher Conant,Consumer,True,28229.8514,3982.928699999999,0.14108925490128507
CC-12430,Chuck Clark,Home Office,True,13997.59256,2779.9208599999997,0.19859992695772535
CC-12475,Cindy Chapman,Consumer,True,17159.80046,3120.1634599999998,0.18182982181367394
CC-12550,Clay Cheatham,Consumer,True,7908.65034,1167.4589399999998,0.14761797396646564
CC-12610,Corey Catlett,Corporate,True,16822.64,2950.193,0.1753703937075275
CC-12670,Craig Carreira,Consumer,True,9969.0279,-549.5837000000002,-0.055129116450762496
CC-12685,Craig Carroll,Consumer,True,12798.5442,693.6283000000002,0.0541958748714561
CC-2100,Chad Cunningham,Home Office,True,1020.048,238.368,0.23368312079431555
CC-2145,Charles Crestani,Consumer,True,1158.18,-164.13,-0.1417137232554525
CC-2220,Chris Cortes,Consumer,True,4174.182,1190.082,0.28510544101814445
CC-2370,Christopher Conant,Consumer,False,6957.225,1620.4050000000002,0.23290967303774135
CC-2430,Chuck Clark,Home Office,False,1041.5700000000002,160.59,0.15418070796969957
CC-2475,Cindy Chapman,Consumer,True,3709.881,914.6909999999999,0.2465553477321779
CC-2550,Clay Cheatham,Consumer,False,1433.3999999999999,357.0900000000001,0.24912097111762252
CC-2610,Corey Catlett,Corporate,True,782.388,52.81800000000001,0.06750870412122886
CC-2670,Craig Carreira,Consumer,False,1527.582,268.602,0.17583475060585943
CC-2685,Craig Carroll,Consumer,False,4019.412,1556.232,0.38717902021489714
CD-11920,Carlos Daly,Consumer,True,18296.7474,4751.7303999999995,0.25970355802146555
CD-11980,Carol Darley,Consumer,True,11848.162460000001,1648.4392599999999,0.13913037279537774
CD-12280,Christina DeMoss,Consumer,True,16779.54838,2367.3817799999997,0.14108733598704876
CD-12790,Cynthia Delaney,Home Office,True,13468.1145,2080.4847,0.15447483016275218
CD-1920,Carlos Daly,Consumer,True,1821.219,277.17900000000003,0.1521942171699285
CD-1980,Carol Darley,Consumer,True,1380.228,231.91800000000003,0.1680287604656622
CD-2280,Christina DeMoss,Consumer,False,1205.04,224.39999999999998,0.18621788488348934
CD-2790,Cynthia Delaney,Home Office,True,1030.788,73.81800000000004,0.07161317361086862
CG-12040,Catherine Glotzbach,Home Office,False,3596.268,149.07059999999993,0.04145147135864177
CG-12520,Claire Gute,Consumer,True,13545.47002,2398.13442,0.17704327841404796
CG-2040,Catherine Glotzbach,Home Office,False,518.9399999999999,-395.9099999999999,-0.7629205688518903
CG-2520,Claire Gute,Consumer,False,1116.204,168.44400000000002,0.15090789855617792
CH-12070,Cathy Hwang,Home Office,True,11122.55656,1493.4216599999997,0.13426963953330526
CH-2070,Cathy Hwang,Home Office,False,4545.618,1178.088,0.25917004024535273
CJ-11875,Carl Jackson,Corporate,True,12538.83296,1857.2449600000002,0.14811944348607067
CJ-12010,Caroline Jumper,Consumer,False,19356.0046,2386.7219999999998,0.12330654230160701
CJ-1875,Carl Jackson,Corporate,True,1431.432,100.18200000000002,0.06998725751555088
CJ-2010,Caroline Jumper,Consumer,False,223.56,30.87,0.13808373590982287
CK-12205,Chloris Kastensmidt,Consumer,True,13625.20784,1311.2059399999998,0.09623383036775753
CK-12325,Christine Kargatis,Home Office,True,9927.89832,849.5182199999999,0.08556878733222158
CK-12595,Clytie Kelty,Consumer,True,16480.86618,2175.8459799999996,0.1320225500429371
CK-12760,Cyma Kinney,Corporate,True,6574.8044,-100.50570000000009,-0.015286492781443064
CK-2205,Chloris Kastensmidt,Consumer,True,950.697,-345.393,-0.3633050277848778
CK-2325,Christine Kargatis,Home Office,True,3125.295,531.195,0.1699663551760714
CK-2595,Clytie Kelty,Consumer,False,662.2800000000001,197.79000000000002,0.2986501177749592
CK-2760,Cyma Kinney,Corporate,True,4015.9500000000003,625.89,0.1558510439622007
CL-11890,Carl Ludwig,Consumer,True,17622.411360000002,-247.7379400000006,-0.014058118094004167
CL-12565,Clay Ludtke,Consumer,True,17008.13588,614.5829799999997,0.03613464663830047
CL-12700,Craig Leslie,Home Office,True,17943.6508,2563.4447,0.14286082183453994
CL-1890,Carl Ludwig,Consumer,False,560.745,83.475,0.14886445710617124
CL-2565,Clay Ludtke,Consumer,False,2775.636,708.8460000000001,0.2553814693281108
CL-2700,Craig Leslie,Home Office,True,1432.374,106.88400000000001,0.074620176015482
CM-11815,Candace McMahon,Corporate,True,14362.8004,-2881.6445999999996,-0.20063250339397598
CM-11830,Cari MacIntyre,Corporate,True,16828.819,2444.6989999999996,0.14526860143899578
CM-11935,Carlos Meador,Consumer,False,9689.0124,2081.088,0.2147884546003884
CM-12115,Chad McGuire,Consumer,True,14657.9493,2164.8172,0.14768895400668358
CM-12160,Charles McCrossin,Consumer,True,17910.03942,432.5568199999997,0.024151639751108914
CM-12190,Charlotte Melton,Consumer,True,11375.05222,598.4815199999998,0.0526135184634783
CM-12235,Chris McAfee,Consumer,True,11377.591,1953.9977,0.17174089840283413
CM-12385,Christopher Martinez,Consumer,True,21882.96992,3029.9603199999997,0.13846202462814516
CM-12445,Chuck Magee,Consumer,True,11971.70808,1188.1276799999998,0.09924462508277264
CM-12655,Corinna Mitchell,Home Office,True,14188.72268,-733.95642,-0.05172815316452432
CM-12715,Craig Molinari,Corporate,True,8392.5789,915.3872999999996,0.10907103893893683
CM-1815,Candace McMahon,Corporate,False,431.874,82.85400000000001,0.19184762222314844
CM-1830,Cari MacIntyre,Corporate,True,4777.407,39.98700000000015,0.008370021645633321
CM-1935,Carlos Meador,Consumer,False,459.294,125.27400000000002,0.2727533997831455
CM-2115,Chad McGuire,Consumer,False,1907.3700000000001,277.53,0.14550401862250112
CM-2160,Charles McCrossin,Consumer,True,2245.92,314.13,0.13986695875187005
CM-2190,Charlotte Melton,Consumer,False,1451.49,-480.6899999999997,-0.33117003906330716
CM-2235,Chris McAfee,Consumer,False,243.03,-66.3,-0.27280582644118007
CM-2385,Christopher Martinez,Consumer,False,580.614,-19.92599999999994,-0.034318841777841974
CM-2445,Chuck Magee,Consumer,True,1741.5780000000002,288.528,0.1656704437010573
CM-2655,Corinna Mitchell,Home Office,False,1389.834,-221.10600000000002,-0.15908806375437642
CM-2715,Craig Molinari,Corporate,False,2838.264,294.954,0.10392056552878802
CP-12085,Cathy Prescott,Corporate,True,14183.881899999998,620.3837000000002,0.04373863970201276
CP-12340,Christine Phan,Corporate,True,20109.46928,182.9713799999998,0.009098767225148758
CP-2085,Cathy Prescott,Corporate,True,5585.7,1130.19,0.2023363231108008
CP-2340,Christine Phan,Corporate,True,5044.65,1565.31,0.3102911004727781
CR-12580,Clay Rozendal,Home Office,True,8700.3125,818.0318000000001,0.09402326640566072
CR-12625,Corey Roper,Home Office,True,17271.20568,1478.5750799999996,0.08560925666655599
CR-12730,Craig Reiter,Consumer,True,19487.963760000002,1648.0413599999997,0.08456714002017415
CR-12820,Cyra Reiten,Home Office,True,14470.550560000001,3391.18846,0.23435103218353287
CR-2580,Clay Rozendal,Home Office,False,3057.2639999999997,1127.964,0.36894556701678366
CR-2625,Corey Roper,Home Office,False,5079.897,866.547,0.17058357679299405
CR-2730,Craig Reiter,Consumer,False,1359.576,-212.6039999999999,-0.15637522286359856
CR-2820,Cyra Reiten,Home Office,True,1188.012,-78.46799999999993,-0.0660498378804254
CS-11845,Cari Sayre,Corporate,False,20471.0526,3274.9862,0.15998132895227868
CS-11860,Cari Schnelling,Consumer,True,10555.92482,970.3403199999999,0.09192376192008536
CS-11950,Carlos Soltero,Consumer,True,14222.97134,-1148.0779599999996,-0.08071997985197371
CS-12130,Chad Sievert,Consumer,True,10981.231,641.4549,0.058413751609450705
CS-12175,Charles Sheldon,Corporate,True,16706.0963,3114.0087999999996,0.1863995480500133
CS-12250,Chris Selesnick,Corporate,True,12496.105300000001,2210.8319,0.17692167654829222
CS-12355,Christine Sundaresam,Consumer,False,9240.897,-115.63179999999993,-0.012513049328436398
CS-12400,Christopher Schild,Home Office,True,10221.36436,1373.0625599999998,0.1343326107592157
CS-12460,Chuck Sachs,Consumer,True,20084.21728,2801.2725800000003,0.13947631321383513
CS-12490,Cindy Schnelling,Corporate,True,11110.4965,-422.2581000000001,-0.03800533126489893
CS-12505,Cindy Stewart,Consumer,True,11535.2464,-6437.368100000001,-0.5580607363532348
CS-1845,Cari Sayre,Corporate,False,1593.3120000000001,-359.65799999999996,-0.22572980056636738
CS-1860,Cari Schnelling,Consumer,False,1618.674,349.554,0.21595083383065397
CS-1950,Carlos Soltero,Consumer,False,714.0720000000001,148.002,0.20726481363223875
CS-2130,Chad Sievert,Consumer,False,1367.2680000000003,-645.5219999999999,-0.4721254355400695
CS-2175,Charles Sheldon,Corporate,True,3340.098,1214.568,0.3636324443175021
CS-2250,Chris Selesnick,Corporate,False,1917.6239999999998,391.67400000000004,0.20424963392197848
CS-2355,Christine Sundaresam,Consumer,True,1307.16,114.48,0.08757917928945194
CS-2400,Christopher Schild,Home Office,False,2293.17,706.98,0.308298120069598
CS-2460,Chuck Sachs,Consumer,False,2671.227,141.83700000000002,0.05309807066190931
CS-2490,Cindy Schnelling,Corporate,False,1664.13,611.13,0.3672369346144832
CS-2505,Cindy Stewart,Consumer,False,1894.4999999999998,285.81,0.15086302454473477
CT-11995,Carol Triggs,Consumer,True,13715.79704,2509.3953399999996,0.18295658157391337
CT-1995,Carol Triggs,Consumer,True,422.778,-71.59200000000003,-0.1693370989029704
CV-12295,Christina VanderZanden,Consumer,True,9042.26818,1126.4462800000001,0.12457563274793297
CV-12805,Cynthia Voltz,Corporate,True,9764.1306,1737.4444999999998,0.1779415465827546
CV-2295,Christina VanderZanden,Consumer,False,1283.241,-521.109,-0.4060881782923083
CV-2805,Cynthia Voltz,Corporate,False,5088.852000000001,172.66199999999995,0.03392945992534267
CW-11905,Carl Weiss,Home Office,True,12917.6316,2635.8494,0.2040505165048986
CW-1905,Carl Weiss,Home Office,True,1436.31,371.55,0.2586837103410824
CY-12745,Craig Yedwab,Corporate,True,13928.4683,1721.2589999999998,0.12357848421854108
CY-2745,Craig Yedwab,Corporate,True,293.034,-179.016,-0.6109052191895821
Co-12640,Corey-Lock,Consumer,True,12279.23076,1295.1629599999999,0.10547590360619624
Co-2640,Corey-Lock,Consumer,True,767.6370000000001,-99.12299999999996,-0.1291274391411565
DA-13450,Dianna Arnett,Home Office,True,13035.36826,-826.0713400000001,-0.06337153838107218
DA-3450,Dianna Arnett,Home Office,False,2212.05,528.24,0.23880111209059468
DB-12910,Daniel Byrd,Home Office,True,12338.2837,781.9895,0.063379114876407
DB-12970,Darren Budd,Corporate,True,9166.209200000001,463.2448999999994,0.050538329411028426
DB-13060,Dave Brooks,Consumer,True,23476.91166,3315.62286,0.1412290895846051
DB-13120,David Bremer,Corporate,True,5602.59462,-2028.5785799999999,-0.36207841501836163
DB-13210,Dean Braden,Consumer,True,13743.5959,1479.9667999999997,0.10768410325568432
DB-13270,Deborah Brumfield,Home Office,True,11690.3695,1420.4589,0.121506758191005
DB-13360,Dennis Bolton,Home Office,True,6919.814359999999,848.4468599999999,0.12261121698646262
DB-13405,Denny Blanton,Consumer,True,16083.956659999998,1988.81386,0.12365202804519372
DB-13555,Dorothy Badders,Corporate,True,9415.2204,943.0146,0.10015852629429683
DB-13615,Doug Bickford,Consumer,True,10031.4568,1995.248,0.1988991269941969
DB-13660,Duane Benoit,Consumer,True,11397.064840000001,1267.3363399999998,0.11119848467932378
DB-2910,Daniel Byrd,Home Office,True,3051.18,874.95,0.28675791005447077
DB-2970,Darren Budd,Corporate,True,513.03,123.72,0.2411554879831589
DB-3060,Dave Brooks,Consumer,True,2070.258,336.73800000000006,0.1626550893656733
DB-3120,David Bremer,Corporate,True,671.2320000000001,-242.11799999999997,-0.36070687929061773
DB-3210,Dean Braden,Consumer,False,387.021,-54.15900000000002,-0.13993814289147105
DB-3270,Deborah Brumfield,Home Office,False,886.2299999999999,219.78,0.24799431298872757
DB-3360,Dennis Bolton,Home Office,False,3691.5299999999997,1074.27,0.2910094188588472
DB-3405,Denny Blanton,Consumer,True,548.682,-30.257999999999946,-0.05514669699388707
DB-3555,Dorothy Badders,Corporate,False,971.1120000000001,299.262,0.3081642488199095
DB-3615,Doug Bickford,Consumer,False,2824.152,972.432,0.3443270758797685
DB-3660,Duane Benoit,Consumer,False,2207.712,150.462,0.06815291124929339
DC-12850,Dan Campbell,Consumer,True,9307.3655,-659.5637999999998,-0.07086471461768637
DC-13285,Debra Catini,Consumer,True,16164.649899999999,1043.3900999999998,0.06454764603345971
DC-2850,Dan Campbell,Consumer,False,4131.144,589.074,0.14259343174675101
DC-3285,Debra Catini,Consumer,True,800.004,-178.05599999999998,-0.2225688871555642
DD-13570,Dorothy Dickinson,Consumer,True,8741.4648,959.7671999999999,0.10979477947448807
DD-3570,Dorothy Dickinson,Consumer,True,2331.4139999999998,439.884,0.18867691452483346
DE-13255,Deanra Eno,Home Office,True,10085.789999999999,1657.8874,0.1643785365350657
DE-3255,Deanra Eno,Home Office,False,2714.49,77.60999999999994,0.028591006045334464
DF-13135,David Flashing,Consumer,True,10240.3839,474.00019999999995,0.04628734670777332
DF-3135,David Flashing,Consumer,True,1301.6520000000003,-110.928,-0.08522093462768848
DG-13300,Deirdre Greer,Corporate,False,13731.428,2067.2561,0.1505492436766227
DG-3300,Deirdre Greer,Corporate,False,2982.312,307.062,0.10296105840032835
DH-13075,Dave Hallsten,Corporate,True,14128.678100000001,1370.5765,0.09700670439933087
DH-13675,Duane Huffman,Home Office,False,7817.3085,842.9994999999999,0.10783756327385569
DH-3075,Dave Hallsten,Corporate,False,2063.682,311.292,0.15084300778899074
DH-3675,Duane Huffman,Home Office,False,4661.844,1308.144,0.28060655826321085
DJ-13420,Denny Joy,Corporate,True,22142.43114,3173.13614,0.14330567948646672
DJ-13510,Don Jones,Corporate,True,15420.2879,2695.862,0.17482565938344122
DJ-13630,Doug Jacobs,Consumer,False,12560.13,2205.8763999999996,0.1756252841332056
DJ-3420,Denny Joy,Corporate,False,419.64,82.25999999999999,0.1960251644266514
DJ-3510,Don Jones,Corporate,False,5976.69,1614.6,0.2701495309276539
DJ-3630,Doug Jacobs,Consumer,True,1293.948,469.87800000000004,0.3631351491713732
DK-12835,Damala Kotsonis,Corporate,True,17590.5547,2632.1874999999995,0.1496364125458761
DK-12895,Dana Kaydos,Consumer,True,18340.62916,1080.66276,0.05892179328050925
DK-12985,Darren Koutras,Consumer,True,14823.9685,1366.8047000000001,0.09220234783958156
DK-13090,Dave Kipp,Consumer,True,19178.6392,4004.4357,0.2087966543528281
DK-13150,David Kendrick,Corporate,True,15983.711,2064.7236999999996,0.12917674124613487
DK-13225,Dean Katz,Corporate,True,9246.4686,898.3240000000001,0.09715319857356138
DK-13375,Dennis Kane,Consumer,False,16258.534,2159.7979000000005,0.13284087605930525
DK-2835,Damala Kotsonis,Corporate,True,3373.143,285.66300000000007,0.08468748582553424
DK-2895,Dana Kaydos,Consumer,False,1292.1299999999999,282.9,0.21894081864827844
DK-2985,Darren Koutras,Consumer,False,81.43200000000002,-78.88799999999998,-0.96875921013852
DK-3090,Dave Kipp,Consumer,False,273.76800000000003,76.12800000000001,0.27807486631016043
DK-3150,David Kendrick,Corporate,False,1577.874,114.414,0.07251149331315428
DK-3225,Dean Katz,Corporate,True,1407.984,108.77400000000002,0.07725513926294618
DK-3375,Dennis Kane,Consumer,False,3846.78,805.7099999999999,0.20945050145836255
DL-12865,Dan Lawera,Consumer,True,11185.718100000002,280.33099999999956,0.02506151124977837
DL-12925,Daniel Lacy,Consumer,True,11364.6808,1411.7939999999999,0.12422645429689498
DL-13315,Delfina Latchford,Consumer,True,18505.6005,2265.2257,0.12240757602002701
DL-13330,Denise Leinenbach,Consumer,True,16781.631,2652.7522,0.15807475447410324
DL-13495,Dionis Lloyd,Corporate,True,15872.184,2474.7639999999997,0.1559183033664428
DL-2865,Dan Lawera,Consumer,False,1502.9640000000002,145.70400000000004,0.09694443779092514
DL-2925,Daniel Lacy,Consumer,False,831.996,-303.354,-0.3646099260092597
DL-3315,Delfina Latchford,Consumer,False,1746.8700000000001,533.3100000000001,0.3052946126500541
DL-3330,Denise Leinenbach,Consumer,False,1159.3500000000001,94.74,0.08171820416612756
DL-3495,Dionis Lloyd,Corporate,True,773.604,-913.8959999999998,-1.1813485969565822
DM-12955,Dario Medina,Corporate,True,19862.57592,2206.22022,0.11107422465675842
DM-13015,Darrin Martin,Consumer,False,15626.531799999999,1530.8618999999997,0.09796555752697472
DM-13345,Denise Monton,Corporate,True,17054.8905,2876.8071000000004,0.16867930638428902
DM-13525,Don Miller,Corporate,True,9640.38168,-925.5615200000004,-0.09600880449787341
DM-2955,Dario Medina,Corporate,False,2437.407,100.70700000000006,0.041317268720406586
DM-3015,Darrin Martin,Consumer,False,2105.79,460.89,0.21886797828843332
DM-3345,Denise Monton,Corporate,False,4998.42,-5474.61,-1.0952681047210917
DM-3525,Don Miller,Corporate,False,2191.266,652.146,0.2976115177253697
DN-13690,Duane Noonan,Consumer,True,13098.338,711.4185000000003,0.05431364650996182
DN-3690,Duane Noonan,Consumer,True,1815.9540000000002,-477.87600000000003,-0.2631542428938178
DO-13435,Denny Ordway,Consumer,True,15280.8855,3207.4254,0.20989787535545634
DO-13645,Doug O'Connell,Consumer,True,12083.48092,1997.8325199999997,0.16533584430073314
DO-3435,Denny Ordway,Consumer,True,3515.73,930.21,0.2645851643897569
DO-3645,Doug O'Connell,Consumer,True,1689.252,-181.09799999999998,-0.10720602965099345
DP-13000,Darren Powers,Consumer,True,13882.7624,-949.6011999999997,-0.06840145877595656
DP-13105,Dave Poirier,Corporate,True,18930.032199999998,3099.9463000000005,0.16375811024769418
DP-13165,David Philippe,Consumer,True,22211.28212,1808.3185200000003,0.0814144140905631
DP-13390,Dennis Pardue,Home Office,True,10282.7912,2369.8289999999997,0.23046553741167086
DP-3000,Darren Powers,Consumer,False,2093.6099999999997,432.15,0.20641380199750672
DP-3105,Dave Poirier,Corporate,True,6970.716000000001,1500.1860000000001,0.21521261230553645
DP-3165,David Philippe,Consumer,True,1517.9520000000002,-973.7879999999999,-0.6415143561851756
DP-3390,Dennis Pardue,Home Office,True,1376.1299999999999,318.36,0.23134442240195333
DR-12880,Dan Reichenbach,Corporate,True,14415.338300000001,2112.6456,0.14655539509606927
DR-12940,Daniel Raglin,Home Office,True,25641.46492,5505.92292,0.21472731519740332
DR-2880,Dan Reichenbach,Corporate,True,2291.4629999999997,-128.2469999999999,-0.055967301239426476
DR-2940,Daniel Raglin,Home Office,False,2288.4,598.05,0.2613398007341374
DS-13030,Darrin Sayre,Home Office,True,11644.2965,1068.3453999999997,0.09174838514288945
DS-13180,David Smith,Corporate,True,13447.412,1669.7885,0.12417173653934305
DS-3030,Darrin Sayre,Home Office,False,1636.512,419.322,0.25622910189476156
DS-3180,David Smith,Corporate,False,185.136,43.626000000000005,0.23564298677728807
DV-13045,Darrin Van Huff,Corporate,True,18106.01292,599.1859199999997,0.033093200731019894
DV-13465,Dianna Vittorini,Consumer,True,12910.87688,2167.6825799999997,0.16789584473212013
DV-3045,Darrin Van Huff,Corporate,True,4640.3189999999995,17.139000000000035,0.003693496072145048
DV-3465,Dianna Vittorini,Consumer,True,4037.82,1175.04,0.2910085144954455
DW-13195,David Wiener,Corporate,False,9689.3171,1623.3823000000002,0.1675435206883672
DW-13480,Dianna Wilson,Home Office,True,16336.8556,3315.6931999999997,0.20295785683506926
DW-13540,Don Weiss,Consumer,False,13166.415,1471.8721999999998,0.11178989876895112
DW-13585,Dorothy Wardle,Corporate,True,12143.043599999999,821.813,0.06767767843640124
DW-3195,David Wiener,Corporate,False,1241.2259999999999,115.71600000000002,0.09322718022342429
DW-3480,Dianna Wilson,Home Office,True,7118.106000000001,1713.3959999999997,0.24070953705943682
DW-3540,Don Weiss,Consumer,False,1216.5870000000002,-1046.163,-0.8599163068485853
DW-3585,Dorothy Wardle,Corporate,True,461.874,48.744000000000014,0.10553527585445384
Dl-13600,Dorris liebe,Corporate,True,11912.7634,1722.9402,0.14462976743078773
Dl-3600,Dorris liebe,Corporate,False,2809.056,128.76600000000016,0.04583959878336358
Dp-13240,Dean percer,Home Office,True,22225.61032,3822.6941199999997,0.17199501228364916
Dp-3240,Dean percer,Home Office,False,609.3000000000001,136.47,0.22397833579517476
EA-14035,Erin Ashbrook,Corporate,True,11387.06772,867.17212,0.07615411985975262
EA-4035,Erin Ashbrook,Corporate,False,131.808,0.8880000000000088,0.006737072104879892
EB-13705,Ed Braxton,Corporate,True,12382.2841,894.0075999999997,0.0722005401249031
EB-13750,Edward Becker,Corporate,False,8489.991,1368.591,0.16120052424083842
EB-13840,Ellis Ballard,Corporate,True,20188.158939999998,5466.499739999999,0.2707775263829977
EB-13870,Emily Burns,Consumer,True,6850.9837,187.37619999999995,0.027350262123671372
EB-13930,Eric Barreto,Consumer,False,9533.9519,1385.4761,0.14532023179181344
EB-13975,Erica Bern,Corporate,True,13405.6013,2653.5443999999998,0.19794295985813032
EB-14110,Eugene Barchas,Consumer,True,13665.4673,3285.6168999999995,0.24043209265152604
EB-14170,Evan Bailliet,Consumer,True,6736.4391000000005,276.7832,0.04108746414704469
EB-3705,Ed Braxton,Corporate,False,3141.63,594.6,0.18926480839564175
EB-3750,Edward Becker,Corporate,False,939.153,118.563,0.12624460551156202
EB-3840,Ellis Ballard,Corporate,True,1797.738,382.248,0.21262720151657247
EB-3870,Emily Burns,Consumer,False,184.872,-166.818,-0.9023432428923795
EB-3930,Eric Barreto,Consumer,True,2433.516,706.2660000000001,0.29022451465287263
EB-3975,Erica Bern,Corporate,False,2713.62,377.19000000000005,0.138998828133637
EB-4110,Eugene Barchas,Consumer,True,2417.757,-391.9529999999999,-0.16211430677276498
EB-4170,Evan Bailliet,Consumer,False,1267.62,288.84,0.22786008425237847
EC-14050,Erin Creighton,Consumer,False,4430.2361,424.05769999999995,0.09571898436744714
EC-4050,Erin Creighton,Consumer,False,2301.315,407.715,0.17716609851324133
ED-13885,Emily Ducich,Home Office,True,18018.879,2933.2625,0.1627882899929568
ED-3885,Emily Ducich,Home Office,True,525.474,-360.8159999999999,-0.6866486258121237
EG-13900,Emily Grady,Consumer,True,16562.35068,3360.54628,0.20290273675089218
EG-3900,Emily Grady,Consumer,True,6549.951,-756.3089999999996,-0.11546788670632797
EH-13765,Edward Hooks,Corporate,False,20259.916,1685.9613999999997,0.0832166036621277
EH-13945,Eric Hoffmann,Consumer,True,7832.68602,1551.0848199999998,0.19802719220960166
EH-13990,Erica Hackney,Consumer,True,8807.0846,1552.3205,0.1762581569842079
EH-14005,Erica Hernandez,Home Office,True,10374.938100000001,285.6473,0.027532434145317933
EH-14125,Eugene Hildebrand,Home Office,True,17408.31362,2105.8908199999996,0.12097040907975092
EH-14185,Evan Henry,Consumer,True,12800.51382,1241.8905199999997,0.0970188023280459
EH-3765,Edward Hooks,Corporate,True,1010.3820000000001,-1014.7679999999999,-1.004340932439414
EH-3945,Eric Hoffmann,Consumer,True,2518.74,698.97,0.2775078015198076
EH-3990,Erica Hackney,Consumer,True,672.489,4.598999999999976,0.006838773571017483
EH-4005,Erica Hernandez,Home Office,True,2629.674,509.004,0.19356163539663093
EH-4125,Eugene Hildebrand,Home Office,False,5012.219999999999,-445.55999999999955,-0.0888947412523791
EH-4185,Evan Henry,Consumer,True,3577.77,1039.62,0.2905776503240845
EJ-13720,Ed Jacobs,Consumer,False,8969.44,1012.9436000000001,0.11293275834388769
EJ-14155,Eva Jacobs,Consumer,True,12324.8446,1975.1190999999997,0.16025509157332496
EJ-3720,Ed Jacobs,Consumer,True,1727.964,197.004,0.11400931963860358
EJ-4155,Eva Jacobs,Consumer,False,2631.9900000000002,819.4499999999999,0.311342368322068
EK-13795,Eileen Kiefer,Home Office,False,5597.3462,593.1248,0.10596535908391731
EK-3795,Eileen Kiefer,Home Office,True,1531.083,172.353,0.1125693381743511
EL-13735,Ed Ludwig,Home Office,True,10515.862,1142.5974,0.10865465902842775
EL-3735,Ed Ludwig,Home Office,True,3691.392,12.942000000000217,0.0035059944866327438
EM-13810,Eleni McCrary,Corporate,True,13549.72804,1664.8005399999997,0.12286597451147069
EM-13825,Elizabeth Moffitt,Corporate,True,14128.07816,2018.14436,0.14284634733362772
EM-13960,Eric Murdock,Consumer,True,25228.52948,2593.94148,0.10281778341683988
EM-14065,Erin Mull,Consumer,True,12108.30958,3017.73418,0.24922836338646043
EM-14095,Eudokia Martin,Corporate,True,10889.699700000001,1684.9539,0.15472914280638977
EM-14140,Eugene Moren,Home Office,True,21507.291259999998,3683.1207600000002,0.17124986663708763
EM-14200,Evan Minnotte,Home Office,True,17087.77766,3138.33776,0.1836597960509746
EM-3810,Eleni McCrary,Corporate,False,1032.879,232.56900000000005,0.22516577450020775
EM-3825,Elizabeth Moffitt,Corporate,False,378.258,-30.07199999999999,-0.07950129276842788
EM-3960,Eric Murdock,Consumer,True,2855.8740000000003,712.074,0.24933663039755952
EM-4065,Erin Mull,Consumer,True,3213.246,921.726,0.2868519870560797
EM-4095,Eudokia Martin,Corporate,True,2833.56,79.82999999999998,0.0281730402744251
EM-4140,Eugene Moren,Home Office,False,1900.791,-58.86900000000001,-0.030970790581394802
EM-4200,Evan Minnotte,Home Office,True,2585.8979999999997,509.11800000000005,0.19688247564289083
EN-13780,Edward Nazzal,Consumer,True,6333.9164,478.5334999999998,0.07555096559215713
EN-3780,Edward Nazzal,Consumer,False,734.856,-240.834,-0.3277295143538326
EP-13915,Emily Phan,Consumer,True,16283.35774,2159.58474,0.13262527142635877
EP-3915,Emily Phan,Consumer,True,487.95,-55.62000000000001,-0.11398708884106981
ER-13855,Elpida Rittenbach,Corporate,True,13396.0,2212.0922,0.16513080023887727
ER-3855,Elpida Rittenbach,Corporate,True,3736.296,373.626,0.09999903647890852
ES-14020,Erica Smith,Consumer,True,12827.27294,2761.3884399999997,0.21527478622435858
ES-14080,Erin Smith,Corporate,True,16236.005799999999,1925.1878999999997,0.11857521632568029
ES-4020,Erica Smith,Consumer,False,1892.7780000000002,365.98800000000006,0.1933602355902277
ES-4080,Erin Smith,Corporate,False,1925.544,250.10399999999998,0.12988744998815918
FA-14230,Frank Atkinson,Corporate,True,13535.0628,1245.2617,0.09200265402536588
FA-4230,Frank Atkinson,Corporate,False,814.5719999999999,250.93200000000002,0.30805380003240973
FC-14245,Frank Carlisle,Home Office,True,10867.8088,2492.3230000000003,0.22933077365144666
FC-14335,Fred Chung,Corporate,True,8770.73964,1329.9262399999998,0.15163216496984053
FC-4245,Frank Carlisle,Home Office,False,1540.638,288.468,0.18723931254454326
FC-4335,Fred Chung,Corporate,False,550.9499999999999,166.76999999999998,0.3026953444051184
FG-14260,Frank Gastineau,Home Office,True,9396.5055,1158.0512,0.1232427523189339
FG-4260,Frank Gastineau,Home Office,False,308.211,-123.93900000000001,-0.4021238696866757
FH-14275,Frank Hawley,Corporate,True,13569.566,3539.4216,0.26083528389927874
FH-14350,Fred Harton,Consumer,True,10654.52882,2959.86382,0.2778033519834245
FH-14365,Fred Hopkins,Corporate,True,27649.326520000002,4101.91312,0.14835490177429464
FH-4275,Frank Hawley,Corporate,False,113.064,8.154000000000003,0.07211844618976866
FH-4350,Fred Harton,Consumer,False,110.48100000000001,-71.82900000000001,-0.6501479892470199
FH-4365,Fred Hopkins,Corporate,False,2751.348,507.37800000000004,0.18441069613876546
FM-14215,Filia McAdams,Corporate,True,14353.3978,1000.9705999999996,0.06973753629262609
FM-14290,Frank Merwin,Home Office,True,14382.319220000001,2191.58072,0.15238020283629886
FM-14380,Fred McMath,Consumer,False,6598.3977,1461.1015000000002,0.22143277298972144
FM-4215,Filia McAdams,Corporate,True,2935.614,393.05400000000003,0.1338915811138658
FM-4290,Frank Merwin,Home Office,True,2002.71,409.71000000000004,0.20457779708494991
FM-4380,Fred McMath,Consumer,False,843.5400000000001,-445.5899999999999,-0.5282381392702182
FO-14305,Frank Olsen,Consumer,True,15614.2155,2567.1143999999995,0.16440879786755855
FO-4305,Frank Olsen,Consumer,True,2158.446,456.63599999999997,0.21155775961038636
FP-14320,Frank Preis,Consumer,True,9939.0502,840.6414999999996,0.08457966134430024
FP-4320,Frank Preis,Consumer,True,816.5820000000001,96.552,0.1182391970432853
FW-14395,Fred Wasserman,Corporate,True,16972.7481,1651.7594,0.09731832407269392
FW-4395,Fred Wasserman,Corporate,True,1220.8110000000001,32.03099999999998,0.026237476562711158
GA-14515,George Ashbrook,Consumer,True,12488.67232,1108.47532,0.0887584597943875
GA-14725,Guy Armstrong,Consumer,False,8817.5455,1012.2713999999999,0.1148019480024231
GA-4515,George Ashbrook,Consumer,False,1318.3890000000001,-316.13100000000014,-0.23978582952375976
GA-4725,Guy Armstrong,Consumer,False,1460.796,-240.29399999999993,-0.16449524779640684
GB-14530,George Bell,Corporate,True,11657.753,560.6201000000002,0.04808989348118803
GB-14575,Giulietta Baptist,Consumer,True,10748.99238,1621.0136799999998,0.15080610560447713
GB-4530,George Bell,Corporate,True,525.9,95.67,0.18191671420422134
GB-4575,Giulietta Baptist,Consumer,False,1821.912,12.251999999999995,0.006724803393358183
GD-14590,Giulietta Dortch,Corporate,True,18005.0006,1826.5178999999996,0.10144503410902411
GD-4590,Giulietta Dortch,Corporate,False,700.692,61.63199999999999,0.08795876076792655
GG-14650,Greg Guthrie,Corporate,True,12902.96276,1491.5912599999997,0.1156006792970082
GG-4650,Greg Guthrie,Corporate,True,1000.422,31.932,0.03191853038017956
GH-14410,Gary Hansen,Home Office,True,13659.59598,47.465479999999765,0.003474881692657484
GH-14425,Gary Hwang,Consumer,True,20039.763,3375.2251,0.1684263980567036
GH-14485,Gene Hale,Corporate,True,14692.6742,2200.7504,0.1497855577577566
GH-14665,Greg Hansen,Consumer,True,12921.45162,1877.94062,0.14533511212419029
GH-4410,Gary Hansen,Home Office,False,1610.22,566.34,0.3517159145955211
GH-4425,Gary Hwang,Consumer,False,4585.83,532.89,0.11620360981545326
GH-4485,Gene Hale,Corporate,False,794.622,95.202,0.11980790866600724
GH-4665,Greg Hansen,Consumer,True,1077.069,-293.2709999999999,-0.27228617665163507
GK-14620,Grace Kelly,Corporate,True,19215.7699,3611.1624,0.18792702133678235
GK-4620,Grace Kelly,Corporate,False,764.601,-115.86899999999997,-0.15154178453860245
GM-14440,Gary McGarr,Consumer,True,15782.46188,1431.27788,0.09068787182142714
GM-14455,Gary Mitchum,Home Office,True,10523.649,3106.2264,0.29516628690295543
GM-14500,Gene McClure,Consumer,True,6704.18562,531.4221199999998,0.0792672145614011
GM-14680,Greg Matthias,Consumer,True,12010.60944,-1804.8220600000002,-0.15026898252050733
GM-14695,Greg Maxwell,Corporate,True,14564.942,-71.28049999999935,-0.004893977607325821
GM-4440,Gary McGarr,Consumer,False,735.216,233.736,0.3179147352614742
GM-4455,Gary Mitchum,Home Office,False,488.43,-234.12000000000006,-0.47933173637982934
GM-4500,Gene McClure,Consumer,False,4298.37,1021.8299999999999,0.23772499808066777
GM-4680,Greg Matthias,Consumer,True,1590.402,466.902,0.2935748320236016
GM-4695,Greg Maxwell,Corporate,False,791.502,59.92200000000003,0.07570669436084815
GP-14740,Guy Phonely,Corporate,False,10793.729000000001,377.67659999999984,0.034990372650638146
GP-4740,Guy Phonely,Corporate,True,4610.103,872.433,0.18924371104072946
GR-14560,Georgia Rosenberg,Corporate,True,8895.05754,1030.99074,0.11590602257082196
GR-4560,Georgia Rosenberg,Corporate,True,4955.529,-534.7109999999999,-0.10790190108866275
GT-14635,Grant Thornton,Corporate,True,19080.34784,-3790.083059999999,-0.19863804851893094
GT-14710,Greg Tran,Consumer,True,34471.89028,5164.847179999999,0.1498277912249145
GT-14755,Guy Thornton,Consumer,True,5601.70652,593.3313199999999,0.10591974389975717
GT-4635,Grant Thornton,Corporate,False,1145.01,212.16,0.18529095815757068
GT-4710,Greg Tran,Consumer,True,1079.064,49.284,0.0456729165276573
GT-4755,Guy Thornton,Consumer,True,3457.578,190.84800000000004,0.055197019416481724
GW-14605,Giulietta Weimer,Consumer,True,16239.4915,934.7202,0.05755846480784204
GW-4605,Giulietta Weimer,Consumer,False,1830.789,264.33900000000006,0.14438528962103228
GZ-14470,Gary Zandusky,Consumer,True,20869.699,2885.9928999999997,0.1382862733190354
GZ-14545,George Zrebassa,Corporate,True,11593.730800000001,2645.2998,0.2281663983434909
GZ-4470,Gary Zandusky,Consumer,True,3835.6259999999997,856.446,0.2232871505198891
GZ-4545,George Zrebassa,Corporate,False,3698.388,1460.2980000000002,0.3948471604385479
HA-14905,Helen Abelman,Consumer,True,15826.81444,-526.0681599999998,-0.03323904263832386
HA-14920,Helen Andreada,Consumer,False,9740.3981,1457.3645999999999,0.14962064024877997
HA-4905,Helen Abelman,Consumer,True,1106.604,-235.626,-0.21292711755966903
HA-4920,Helen Andreada,Consumer,True,670.674,103.79399999999998,0.1547607332325392
HD-14785,Harold Dahlen,Home Office,True,16749.140199999998,1803.1442000000004,0.10765592612330038
HD-4785,Harold Dahlen,Home Office,False,3325.608,828.048,0.24899146261375363
HE-14800,Harold Engle,Corporate,True,9902.49522,1570.1460200000001,0.15856064407168682
HE-4800,Harold Engle,Corporate,False,1091.3220000000001,140.29199999999997,0.12855234293819787
HF-14995,Herbert Flentye,Consumer,True,9712.8699,-474.87089999999984,-0.04889089474986171
HF-4995,Herbert Flentye,Consumer,False,2099.973,-178.25699999999998,-0.08488537709770554
HG-14845,Harry Greene,Consumer,True,21228.554519999998,-824.0102799999999,-0.03881612755233416
HG-14965,Henry Goldwyn,Corporate,True,16810.6866,-1607.2489000000005,-0.09560875996581844
HG-15025,Hunter Glantz,Consumer,True,14737.8066,1357.6438999999998,0.0921198070274582
HG-4845,Harry Greene,Consumer,True,2987.8979999999997,532.518,0.17822495948656886
HG-4965,Henry Goldwyn,Corporate,False,354.588,9.738000000000042,0.027462858303157586
HG-5025,Hunter Glantz,Consumer,False,1476.612,175.27200000000002,0.11869875092441347
HH-15010,Hilary Holden,Corporate,True,13731.737819999998,2109.31402,0.15360867267126427
HH-5010,Hilary Holden,Corporate,False,1497.57,323.01,0.2156894168553056
HJ-14875,Heather Jas,Home Office,True,14312.7962,2324.0209999999997,0.1623736527457856
HJ-4875,Heather Jas,Home Office,True,1121.22,294.24,0.26242842617862683
HK-14890,Heather Kirkland,Corporate,True,13886.4431,2306.9442,0.1661292372270621
HK-4890,Heather Kirkland,Corporate,True,1656.9660000000001,187.98600000000005,0.11345193564623537
HL-15040,Hunter Lopez,Consumer,True,29664.23058,7657.50178,0.25813923470385863
HL-5040,Hunter Lopez,Consumer,False,579.336,159.06599999999997,0.274566054931853
HM-14860,Harry Marie,Corporate,True,27434.167599999997,6544.8864,0.23856697587573245
HM-14980,Henry MacAllister,Consumer,False,12718.7916,1044.7110999999998,0.08213917900816928
HM-4860,Harry Marie,Corporate,True,1042.77,413.4,0.39644408642366
HM-4980,Henry MacAllister,Consumer,False,4409.298,1628.628,0.3693621977920295
HP-14815,Harold Pawlan,Home Office,True,7321.4394999999995,636.2191999999999,0.08689810248380798
HP-4815,Harold Pawlan,Home Office,True,1196.682,244.00199999999998,0.2038987801270513
HR-14770,Hallie Redmond,Home Office,False,11126.929,1182.9004,0.10630969245871884
HR-14830,Harold Ryan,Corporate,True,9637.15436,1517.8777599999999,0.15750269252717455
HR-4770,Hallie Redmond,Home Office,True,4550.322,522.372,0.11479890873656852
HR-4830,Harold Ryan,Corporate,False,391.93800000000005,-61.842,-0.15778515989773892
HW-14935,Helen Wasserman,Corporate,True,17199.202,2653.6991,0.1542919898260396
HW-4935,Helen Wasserman,Corporate,False,1174.824,-98.58599999999984,-0.08391554820126235
HZ-14950,Henia Zydlo,Consumer,True,9656.4048,1003.4368999999997,0.10391412961478165
HZ-4950,Henia Zydlo,Consumer,False,2830.416,-261.954,-0.09254964641240015
IG-15085,Ivan Gibson,Consumer,True,10383.13098,657.4951799999999,0.06332340228265135
IG-5085,Ivan Gibson,Consumer,True,5766.243,1253.673,0.21741591535424365
IL-15100,Ivan Liston,Consumer,True,11802.69376,1244.2347599999998,0.10541955805180526
IL-5100,Ivan Liston,Consumer,True,1052.808,-63.161999999999935,-0.059993845031572644
IM-15055,Ionia McGrath,Consumer,True,5154.839760000001,1534.0298599999999,0.29759021258111806
IM-15070,Irene Maddox,Consumer,True,17854.10112,-567.63018,-0.031792705562989444
IM-5055,Ionia McGrath,Consumer,True,4324.95,913.9499999999999,0.2113203620851108
IM-5070,Irene Maddox,Consumer,True,2064.0660000000003,-112.67399999999992,-0.054588370720703654
JA-15970,Joseph Airdo,Consumer,True,17105.4707,688.9729999999997,0.0402779328370075
JA-5970,Joseph Airdo,Consumer,False,1057.2269999999999,153.35700000000003,0.14505588676793163
JB-15400,Jennifer Braxton,Corporate,True,13085.503900000002,1992.2620999999997,0.1522495515056168
JB-15925,Joni Blumstein,Consumer,True,12325.28696,1649.1341599999998,0.1338008733875353
JB-16000,Joy Bell-,Consumer,True,22127.18112,2936.3772200000003,0.1327045322255671
JB-16045,Julia Barnett,Home Office,True,13851.27568,778.6291799999996,0.05621353570518203
JB-5400,Jennifer Braxton,Corporate,False,2172.0299999999997,459.59999999999997,0.2115992873026616
JB-5925,Joni Blumstein,Consumer,False,1012.0920000000001,-518.6279999999999,-0.5124316761717314
JB-6000,Joy Bell-,Consumer,True,1881.006,-68.4539999999999,-0.0363922284139444
JB-6045,Julia Barnett,Home Office,False,3235.656,-529.5839999999996,-0.1636712926219597
JC-15340,Jasper Cacioppo,Consumer,True,17836.2846,239.28600000000046,0.013415686358805941
JC-15385,Jenna Caffey,Consumer,True,12978.93092,2086.7973199999997,0.16078345226295415
JC-15775,John Castell,Consumer,True,10582.78504,1820.4692400000001,0.17202175354777877
JC-16105,Julie Creighton,Corporate,True,11079.104879999999,712.3140799999998,0.0642934684448984
JC-5340,Jasper Cacioppo,Consumer,False,606.105,98.50500000000002,0.16252134531145598
JC-5385,Jenna Caffey,Consumer,False,3183.075,-782.235,-0.24574821516929385
JC-5775,John Castell,Consumer,False,1712.487,37.917,0.02214148194993597
JC-6105,Julie Creighton,Corporate,False,3914.9399999999996,-2601.419999999999,-0.6644852794678844
JD-15790,John Dryer,Consumer,True,10267.749759999999,-293.6847400000001,-0.02860263902652806
JD-15895,Jonathan Doherty,Corporate,True,16711.32422,1430.54702,0.08560345075993027
JD-16015,Joy Daniels,Consumer,True,8690.629299999999,-29.400200000000137,-0.003382977110759993
JD-16060,Julia Dunbar,Consumer,True,7683.04096,-24.026940000000067,-0.0031272695440634573
JD-16150,Justin Deggeller,Corporate,True,18281.84948,1430.44888,0.07824421055237787
JD-5790,John Dryer,Consumer,False,1323.0720000000001,-905.0279999999998,-0.6840353359454359
JD-5895,Jonathan Doherty,Corporate,False,2770.434,296.244,0.10693053868094313
JD-6015,Joy Daniels,Consumer,True,2652.78,-575.01,-0.2167575147581028
JD-6060,Julia Dunbar,Consumer,False,3541.44,588.9300000000001,0.16629676063973978
JD-6150,Justin Deggeller,Corporate,True,5329.77,1194.87,0.22418791054773465
JE-15475,Jeremy Ellison,Consumer,False,5905.076,1223.3237,0.20716476807411113
JE-15610,Jim Epp,Corporate,True,13192.6924,1780.0783,0.13492911424206327
JE-15715,Joe Elijah,Consumer,True,22275.2689,3648.0084999999995,0.1637694483679162
JE-15745,Joel Eaton,Consumer,True,19629.12896,1123.48066,0.05723538024990387
JE-16165,Justin Ellison,Corporate,True,8352.71836,1839.8079599999999,0.22026457504069366
JE-5475,Jeremy Ellison,Consumer,False,914.178,94.848,0.10375222330880857
JE-5610,Jim Epp,Corporate,True,756.855,-408.16499999999996,-0.5392908813445111
JE-5715,Joe Elijah,Consumer,False,180.3,-27.119999999999997,-0.1504159733777038
JE-5745,Joel Eaton,Consumer,True,2275.5,405.30000000000007,0.17811470006591962
JE-6165,Justin Ellison,Corporate,False,4555.715999999999,1088.4959999999999,0.23892973135287626
JF-15190,Jamie Frazer,Consumer,False,17064.7075,4108.5474,0.24076283756987926
JF-15295,Jason Fortune-,Consumer,True,20382.2503,3263.2952999999998,0.16010476036593466
JF-15355,Jay Fein,Consumer,False,7343.566,1016.6709999999999,0.13844377513594894
JF-15415,Jennifer Ferguson,Consumer,True,14717.46588,1396.6454800000001,0.09489714407274034
JF-15490,Jeremy Farry,Consumer,True,9234.53286,1048.31756,0.11352144996319825
JF-15565,Jill Fjeld,Consumer,True,19844.14866,4329.94546,0.21819759235768596
JF-5190,Jamie Frazer,Consumer,False,3510.168,-2385.9419999999996,-0.6797230218040844
JF-5295,Jason Fortune-,Consumer,True,2433.942,-570.768,-0.23450353377360678
JF-5355,Jay Fein,Consumer,False,3475.764,-2891.346,-0.8318591250729336
JF-5415,Jennifer Ferguson,Consumer,False,8227.02,1270.2,0.15439369297753014
JF-5490,Jeremy Farry,Consumer,True,1487.3850000000002,151.785,0.10204822557710343
JF-5565,Jill Fjeld,Consumer,True,3776.7000000000003,547.74,0.14503137659861784
JG-15115,Jack Garza,Consumer,True,12801.82588,1161.6409799999997,0.09074025774829549
JG-15160,James Galang,Consumer,True,19963.41,4498.9944000000005,0.22536201981525203
JG-15310,Jason Gross,Corporate,True,12733.703899999999,2095.9115,0.16459558950479447
JG-15805,John Grady,Corporate,True,22015.3862,3393.2200999999995,0.15412948331562765
JG-5115,Jack Garza,Consumer,True,2907.678,-2083.9019999999996,-0.7166893995827598
JG-5160,James Galang,Consumer,False,1588.116,50.10600000000003,0.03155059202224524
JG-5310,Jason Gross,Corporate,False,836.9939999999999,158.724,0.18963576799833692
JG-5805,John Grady,Corporate,False,208.38,-112.43999999999997,-0.5395911315865245
JH-15430,Jennifer Halladay,Consumer,True,11806.1963,1477.1982,0.12512058604344908
JH-15820,John Huston,Consumer,True,23586.7205,4829.6727,0.20476236617973237
JH-15910,Jonathan Howell,Consumer,True,12532.7177,1635.3962,0.13049014899617503
JH-15985,Joseph Holt,Consumer,True,18863.4044,-182.9318000000003,-0.009697708649028396
JH-16180,Justin Hirsh,Consumer,True,18267.0064,2588.2794,0.141691492482315
JH-5430,Jennifer Halladay,Consumer,False,883.476,113.49600000000001,0.12846528937967755
JH-5820,John Huston,Consumer,False,2359.011,566.1510000000001,0.23999506572881604
JH-5910,Jonathan Howell,Consumer,True,4013.9939999999997,-930.3360000000001,-0.23177314166388893
JH-5985,Joseph Holt,Consumer,False,2073.48,569.61,0.27471207824526883
JH-6180,Justin Hirsh,Consumer,True,5651.8949999999995,1406.385,0.24883424055117798
JJ-15445,Jennifer Jackson,Consumer,False,9696.8474,1054.3552,0.10873175131125606
JJ-15760,Joel Jenkins,Home Office,True,18103.64108,1755.5902799999997,0.0969744302951017
JJ-5445,Jennifer Jackson,Consumer,False,2490.204,-31.656000000000017,-0.012712211529657817
JJ-5760,Joel Jenkins,Home Office,False,1890.126,93.39599999999997,0.049412578843950075
JK-15205,Jamie Kunitz,Consumer,True,10917.0012,2359.5622,0.21613647894441926
JK-15325,Jason Klamczynski,Corporate,True,17000.84332,2059.35902,0.1211327568425588
JK-15370,Jay Kimmel,Consumer,True,10189.51404,1813.4958399999998,0.17797667610849083
JK-15625,Jim Karlsson,Consumer,True,12754.4081,2805.6486,0.2199748179611722
JK-15640,Jim Kriz,Home Office,True,12637.4495,2651.1058,0.209781712678654
JK-15730,Joe Kamberova,Consumer,True,20825.892,2283.7602999999995,0.1096596630770965
JK-16090,Juliana Krohn,Consumer,True,21918.73684,3195.3713399999997,0.1457826408211943
JK-16120,Julie Kriz,Home Office,True,13134.716639999999,1594.4992399999999,0.12139578520819921
JK-5205,Jamie Kunitz,Consumer,False,1617.6,404.22,0.24988872403560833
JK-5325,Jason Klamczynski,Corporate,False,203.388,-36.97199999999998,-0.18178063602572414
JK-5370,Jay Kimmel,Consumer,False,3211.452,-263.44800000000026,-0.08203392110484611
JK-5625,Jim Karlsson,Consumer,True,4364.763,1170.693,0.2682145628525535
JK-5640,Jim Kriz,Home Office,False,428.43,103.16999999999999,0.24080946712415094
JK-5730,Joe Kamberova,Consumer,False,5862.87,2089.7400000000002,0.3564363528442555
JK-6090,Juliana Krohn,Consumer,False,1215.516,-1397.1239999999998,-1.1494081525870492
JK-6120,Julie Kriz,Home Office,False,2513.07,299.7,0.1192565268774845
JL-15130,Jack Lebron,Consumer,True,12908.49914,967.8775400000001,0.07497986632704691
JL-15175,James Lanier,Home Office,True,13499.872459999999,1268.0311599999998,0.09392912146075193
JL-15235,Janet Lee,Consumer,True,18725.38964,4370.94704,0.23342355614662658
JL-15505,Jeremy Lonsdale,Consumer,False,8631.695,644.2673000000001,0.07463972024034678
JL-15835,John Lee,Consumer,True,22594.043,1576.5369999999996,0.06977666635404736
JL-15850,John Lucas,Consumer,True,8497.68,988.2485999999999,0.11629628322083202
JL-5130,Jack Lebron,Consumer,False,5765.400000000001,72.30000000000054,0.012540326776980007
JL-5175,James Lanier,Home Office,True,1353.09,433.14,0.3201117442298739
JL-5235,Janet Lee,Consumer,False,1751.712,359.742,0.20536595056721654
JL-5505,Jeremy Lonsdale,Consumer,False,2729.3399999999997,542.01,0.1985864714546374
JL-5835,John Lee,Consumer,True,3388.275,816.4650000000001,0.24096774907585722
JL-5850,John Lucas,Consumer,False,2003.598,-634.0019999999997,-0.3164317393009974
JM-15250,Janet Martin,Consumer,True,15594.46182,2152.67332,0.1380408855943449
JM-15265,Janet Molinari,Corporate,True,15036.5537,2623.9919999999997,0.17450754024840145
JM-15535,Jessica Myrick,Consumer,True,6942.403,1460.2395,0.21033632014736106
JM-15580,Jill Matthias,Consumer,False,13295.857,1540.2094,0.11584130304650539
JM-15655,Jim Mitchum,Corporate,True,16294.72706,1190.07406,0.07303430463228637
JM-15865,John Murray,Consumer,True,20841.946500000002,2234.2469000000006,0.10719953148329982
JM-16195,Justin MacKendrick,Consumer,True,7825.5646,1314.3129999999999,0.16795120444089107
JM-5250,Janet Martin,Consumer,False,2424.201,-488.01900000000023,-0.20131127740645277
JM-5265,Janet Molinari,Corporate,False,1131.912,156.102,0.13791001420605134
JM-5535,Jessica Myrick,Consumer,False,847.827,-101.31299999999996,-0.11949725592603203
JM-5580,Jill Matthias,Consumer,False,880.323,176.523,0.2005207179637474
JM-5655,Jim Mitchum,Corporate,True,3602.67,608.46,0.16889140554089052
JM-5865,John Murray,Consumer,False,1544.268,83.86800000000005,0.05430922611878252
JM-6195,Justin MacKendrick,Consumer,False,1200.492,205.482,0.17116482242280665
JO-15145,Jack O'Briant,Corporate,False,10440.976,2280.9515,0.21846152122177084
JO-15280,Jas O'Carroll,Consumer,True,7123.5651,1203.0993,0.16889005478450672
JO-15550,Jesus Ocampo,Home Office,False,4002.8940000000002,541.2968999999998,0.13522638870776987
JO-5145,Jack O'Briant,Corporate,False,2904.714,764.304,0.26312538859247414
JO-5280,Jas O'Carroll,Consumer,True,1694.8500000000001,702.69,0.4146030622178954
JO-5550,Jesus Ocampo,Home Office,True,4203.780000000001,41.46000000000001,0.009862552274381629
JP-15460,Jennifer Patt,Corporate,True,10916.36982,1639.9413200000001,0.1502277173676771
JP-15520,Jeremy Pistek,Consumer,True,16429.04996,2854.7461599999997,0.17376209622287858
JP-16135,Julie Prescott,Home Office,True,10163.5086,2036.0102,0.2003255253800838
JP-5460,Jennifer Patt,Corporate,False,3294.018,439.48800000000006,0.1334200359560877
JP-5520,Jeremy Pistek,Consumer,True,2227.5240000000003,315.41399999999993,0.14159847435987216
JP-6135,Julie Prescott,Home Office,False,4432.650000000001,1443.03,0.32554566681330577
JR-15670,Jim Radford,Consumer,True,13338.0916,-1185.9909,-0.0889175854812693
JR-15700,Jocasta Rupert,Consumer,True,9568.31976,815.8547599999998,0.08526625159525394
JR-16210,Justin Ritter,Corporate,True,12589.959,1221.9459999999997,0.09705718660402306
JR-5670,Jim Radford,Consumer,False,2585.034,425.574,0.16462994297173655
JR-5700,Jocasta Rupert,Consumer,True,1673.1630000000002,116.67300000000007,0.06973199861579539
JR-6210,Justin Ritter,Corporate,False,1033.29,84.81,0.08207763551374736
JS-15595,Jill Stevenson,Corporate,True,9334.6385,562.5655,0.06026644738304543
JS-15685,Jim Sink,Corporate,True,14338.5195,1848.0462999999997,0.12888682823913583
JS-15880,John Stevenson,Consumer,True,10443.1001,1471.0499,0.14086333425071737
JS-15940,Joni Sundaresam,Home Office,True,3874.7659999999996,-26.756599999999896,-0.006905346026056773
JS-16030,Joy Smith,Consumer,True,19218.81298,-675.4485200000001,-0.035145173674508604
JS-5595,Jill Stevenson,Corporate,True,806.691,-723.7589999999999,-0.8971948366846784
JS-5685,Jim Sink,Corporate,True,1944.0600000000002,502.44,0.2584488133082312
JS-5880,John Stevenson,Consumer,True,1745.997,-979.6529999999992,-0.5610851565037048
JS-5940,Joni Sundaresam,Home Office,False,2927.34,38.730000000000004,0.013230441287995245
JS-6030,Joy Smith,Consumer,False,1573.038,572.448,0.363912378467653
JW-15220,Jane Waco,Corporate,True,23103.7263,4115.151699999999,0.17811636298686587
JW-15955,Joni Wasserman,Consumer,True,10640.8287,624.7968,0.05871693057139431
JW-16075,Julia West,Consumer,True,19852.773,2677.4957,0.13486759255243586
JW-5220,Jane Waco,Corporate,False,7184.724,2150.694,0.2993426052274242
JW-5955,Joni Wasserman,Consumer,True,307.79999999999995,32.31,0.10497076023391815
JW-6075,Julia West,Consumer,False,747.21,272.52,0.3647167462962219
KA-16525,Kelly Andreada,Consumer,True,17449.90012,1299.9135200000003,0.07449403784896852
KA-6525,Kelly Andreada,Consumer,False,1429.884,101.48400000000011,0.07097358946599872
KB-16240,Karen Bern,Corporate,False,9900.698,1801.5405999999998,0.18196096881250187
KB-16315,Karl Braun,Consumer,True,14542.762279999999,1420.08758,0.09764909531341112
KB-16405,Katrina Bavinger,Home Office,True,13786.092499999999,723.9985000000001,0.052516585101978694
KB-16585,Ken Black,Corporate,True,16385.7495,1398.2126,0.08533101278034307
KB-16600,Ken Brennan,Corporate,True,10295.9567,887.3471,0.08618403571957522
KB-6240,Karen Bern,Corporate,True,1945.32,517.53,0.2660384923817161
KB-6315,Karl Braun,Consumer,False,2957.715,365.77500000000003,0.12366810189622733
KB-6405,Katrina Bavinger,Home Office,False,238.548,-105.76199999999999,-0.44335731173600273
KB-6585,Ken Black,Corporate,False,216.77999999999997,-47.19,-0.2176861334071409
KB-6600,Ken Brennan,Corporate,False,1167.738,158.898,0.13607333151785758
KC-16255,Karen Carlisle,Corporate,True,9321.9643,2139.712,0.22953445552242677
KC-16540,Kelly Collister,Consumer,True,18897.13026,2343.8801599999997,0.12403365631454347
KC-16675,Kimberly Carter,Corporate,True,13531.28104,2265.91074,0.16745722251290998
KC-6255,Karen Carlisle,Corporate,True,1094.3580000000002,-160.21199999999993,-0.14639816221017246
KC-6540,Kelly Collister,Consumer,False,505.89300000000003,14.222999999999999,0.028114640843024116
KC-6675,Kimberly Carter,Corporate,False,391.842,-120.948,-0.308665227311008
KD-16270,Karen Daniels,Consumer,False,23204.2675,3914.2346999999986,0.16868598416218045
KD-16345,Katherine Ducich,Consumer,True,11157.0404,2363.1306,0.2118062241667602
KD-16495,Keith Dawkins,Corporate,True,24996.5031,5152.9625,0.20614733506463948
KD-16615,Ken Dana,Corporate,True,12348.443620000002,1720.54552,0.13933298583582954
KD-6270,Karen Daniels,Consumer,False,813.06,-1023.5399999999998,-1.2588738838462106
KD-6345,Katherine Ducich,Consumer,False,536.46,65.7,0.12246952242478469
KD-6495,Keith Dawkins,Corporate,True,1454.76,333.21,0.22904809040666502
KD-6615,Ken Dana,Corporate,False,205.97999999999996,30.18,0.14651907952228374
KE-16420,Katrina Edelman,Corporate,True,12928.68672,1186.1554199999996,0.09174600991491885
KE-6420,Katrina Edelman,Corporate,False,622.452,100.39199999999998,0.16128472556920048
KF-16285,Karen Ferguson,Home Office,True,15164.8685,2976.3911000000003,0.19626883675252443
KF-6285,Karen Ferguson,Home Office,False,3100.152,-591.1979999999999,-0.19069968182205255
KH-16330,Katharine Harms,Corporate,True,15045.644499999999,3205.8576,0.21307545848235349
KH-16360,Katherine Hughes,Consumer,False,9983.5094,1542.2224999999999,0.1544769918281441
KH-16510,Keith Herrera,Consumer,True,15340.395999999999,1713.8032,0.11171831548546728
KH-16630,Ken Heidel,Corporate,True,7220.70456,1205.66716,0.1669736173224625
KH-16690,Kristen Hastings,Corporate,True,18158.4601,2367.4902,0.13037945877359944
KH-6330,Katharine Harms,Corporate,True,3371.208,405.168,0.12018481209109613
KH-6360,Katherine Hughes,Consumer,True,2221.365,300.16500000000025,0.13512637499915606
KH-6510,Keith Herrera,Consumer,False,1544.34,483.03000000000003,0.3127743890594041
KH-6630,Ken Heidel,Corporate,True,1795.866,300.306,0.16722071691317725
KH-6690,Kristen Hastings,Corporate,True,1696.0140000000001,3.084000000000021,0.001818381216192803
KL-16555,Kelly Lampkin,Corporate,True,12064.3877,580.9184,0.048151502956092836
KL-16645,Ken Lonsdale,Consumer,True,22553.1085,812.6144999999995,0.0360311528674639
KL-6555,Kelly Lampkin,Corporate,True,2184.06,157.83000000000004,0.07226449822807068
KL-6645,Ken Lonsdale,Consumer,False,1576.296,-657.7139999999999,-0.41725285098737797
KM-16225,Kalyca Meade,Corporate,True,7754.5516,227.23929999999984,0.029303989672336418
KM-16375,Katherine Murray,Home Office,True,16394.46064,1194.4548399999999,0.07285722087652649
KM-16660,Khloe Miller,Consumer,True,10785.2626,888.3436999999998,0.08236644140681376
KM-16720,Kunst Miller,Consumer,True,14041.02,1637.1664999999998,0.11659882971465034
KM-6225,Kalyca Meade,Corporate,False,891.3629999999999,142.293,0.15963530009659366
KM-6375,Katherine Murray,Home Office,True,2124.699,256.629,0.12078369689071253
KM-6660,Khloe Miller,Consumer,False,188.544,-40.44600000000001,-0.21451756619144607
KM-6720,Kunst Miller,Consumer,True,2928.654,1122.024,0.3831193442448305
KN-16390,Katherine Nockton,Corporate,True,19350.14634,4067.82254,0.21022179721665094
KN-16450,Kean Nguyen,Corporate,True,16294.6981,2512.5944,0.15419705137096096
KN-16705,Kristina Nunn,Home Office,True,5884.778,935.5005,0.15896954821405326
KN-6390,Katherine Nockton,Corporate,False,318.72,77.37,0.24275225903614459
KN-6450,Kean Nguyen,Corporate,False,1767.282,-255.37800000000004,-0.14450325414959245
KN-6705,Kristina Nunn,Home Office,True,4830.858,763.0079999999999,0.15794461356554051
KS-16300,Karen Seio,Corporate,True,5103.36318,1079.99218,0.21162361797656734
KS-6300,Karen Seio,Corporate,False,221.60999999999999,33.69,0.1520238256396372
KT-16465,Kean Takahito,Consumer,True,15725.0362,589.5893999999998,0.03749367521328821
KT-16480,Kean Thornton,Consumer,True,6240.6521,-156.15920000000003,-0.025022897847486167
KT-6465,Kean Takahito,Consumer,False,1532.124,398.004,0.25977270769206673
KT-6480,Kean Thornton,Consumer,True,2119.7400000000002,-461.76000000000005,-0.21783803674035496
KW-16435,Katrina Willman,Consumer,True,15319.9656,3026.0406,0.19752267589948114
KW-16570,Kelly Williams,Consumer,True,9256.0553,2191.5663,0.2367710897319293
KW-6435,Katrina Willman,Consumer,False,427.29,80.97000000000001,0.18949659481850736
KW-6570,Kelly Williams,Consumer,True,2577.72,179.58,0.06966621665658024
LA-16780,Laura Armstrong,Corporate,True,24273.0019,3754.0198,0.1546582419210374
LA-6780,Laura Armstrong,Corporate,False,3589.44,208.29000000000008,0.058028550414549365
LB-16735,Larry Blacks,Consumer,True,12686.03922,1566.2419199999997,0.12346185384093426
LB-16795,Laurel Beltran,Home Office,True,24589.87022,4515.38322,0.1836277776011784
LB-6735,Larry Blacks,Consumer,False,1897.95,98.24999999999996,0.051766379514739565
LB-6795,Laurel Beltran,Home Office,False,1796.1150000000002,-212.14499999999992,-0.11811326112192143
LC-16870,Lena Cacioppo,Consumer,True,9859.89236,1048.34726,0.10632441224743756
LC-16885,Lena Creighton,Consumer,True,17058.8144,1325.4752999999998,0.07770031778996317
LC-16930,Linda Cazamias,Corporate,True,11660.69496,1932.3449600000004,0.16571439066269858
LC-16960,Lindsay Castell,Home Office,True,11812.0975,1365.9817,0.11564260284847802
LC-17050,Liz Carlisle,Consumer,True,12933.873819999999,1150.04782,0.0889175073149121
LC-17140,Logan Currie,Consumer,True,13128.24376,1454.4069600000003,0.11078457915531577
LC-6870,Lena Cacioppo,Consumer,False,1220.451,128.42100000000002,0.1052242162938127
LC-6885,Lena Creighton,Consumer,True,1828.086,-152.96399999999997,-0.08367440043849139
LC-6930,Linda Cazamias,Corporate,False,5080.689,341.079,0.0671324302668398
LC-6960,Lindsay Castell,Home Office,True,2487.402,54.73200000000008,0.022003680949038425
LC-7050,Liz Carlisle,Consumer,False,7193.652,1697.562,0.2359805561903745
LC-7140,Logan Currie,Consumer,True,2954.43,470.88,0.1593809973497426
LD-16855,Lela Donovan,Corporate,True,13361.93258,1813.1926799999999,0.1356983856297829
LD-17005,Lisa DeCherney,Consumer,True,11461.654639999999,1252.64204,0.10928980843903705
LD-6855,Lela Donovan,Corporate,True,2822.706,-326.45399999999995,-0.11565285226304119
LD-7005,Lisa DeCherney,Consumer,False,361.68600000000004,-87.20400000000002,-0.2411041621738193
LE-16810,Laurel Elliston,Consumer,True,10429.253700000001,1737.1186,0.1665621193969037
LE-6810,Laurel Elliston,Consumer,False,1049.52,287.90999999999997,0.2743254058998399
LF-17185,Luke Foster,Consumer,False,12864.7205,-3700.195500000001,-0.28762346605198313
LF-7185,Luke Foster,Consumer,False,556.518,55.848,0.10035254924369022
LH-16750,Larry Hughes,Consumer,True,7945.0902000000015,597.0118999999995,0.0751422431931609
LH-16900,Lena Hernandez,Consumer,True,12098.37728,995.3979799999998,0.0822753297374439
LH-17020,Lisa Hazard,Consumer,True,8189.7858,1040.3469,0.12702980583448226
LH-17155,Logan Haushalter,Consumer,True,14063.489800000001,749.0709999999995,0.0532635221166797
LH-6750,Larry Hughes,Consumer,True,745.65,44.19000000000001,0.05926372963186483
LH-6900,Lena Hernandez,Consumer,False,840.7920000000001,1.9920000000000846,0.0023691947592271146
LH-7020,Lisa Hazard,Consumer,True,973.2120000000001,297.73199999999997,0.305927177223462
LH-7155,Logan Haushalter,Consumer,False,3228.75,770.46,0.23862485481997678
LL-16840,Lauren Leatherbury,Consumer,True,11287.78406,264.5978599999999,0.023441080959162138
LL-6840,Lauren Leatherbury,Consumer,True,3649.152,630.342,0.17273657003051668
LM-17065,Liz MacKendrick,Consumer,True,9249.383,393.47100000000006,0.04254024295458411
LM-7065,Liz MacKendrick,Consumer,True,6280.47,1474.68,0.23480408313390558
LO-17170,Lori Olson,Corporate,True,11256.3236,2319.7048,0.20608014503065636
LO-7170,Lori Olson,Corporate,True,2281.1850000000004,-530.9849999999999,-0.2327671802155458
LP-17080,Liz Pelletier,Consumer,False,7631.9895,-261.9352,-0.03432069711311841
LP-17095,Liz Preis,Consumer,True,15598.151600000001,2003.3279999999997,0.1284336792828709
LP-7080,Liz Pelletier,Consumer,False,1831.3380000000002,-3.641999999999978,-0.0019887098940774327
LP-7095,Liz Preis,Consumer,True,1011.36,119.37,0.11802918841955387
LR-16915,Lena Radford,Consumer,True,22434.08756,3604.4619599999996,0.16066897975502062
LR-17035,Lisa Ryan,Corporate,True,16118.9722,2165.6982999999996,0.13435709629178463
LR-6915,Lena Radford,Consumer,True,468.65400000000005,-232.74600000000004,-0.4966265091090656
LR-7035,Lisa Ryan,Corporate,True,2677.98,283.44,0.10584096968610669
LS-16945,Linda Southworth,Corporate,True,10420.11776,-86.50594000000032,-0.008301819805921304
LS-16975,Lindsay Shagiari,Home Office,False,8646.9157,1737.8783999999998,0.20098246129541888
LS-17200,Luke Schmidt,Corporate,True,15258.74122,1756.4422200000001,0.11511055824826422
LS-17230,Lycoris Saunders,Consumer,True,10577.17148,1946.69668,0.1840470000586584
LS-17245,Lynn Smith,Consumer,True,10758.988,1878.1803999999997,0.17456850030876508
LS-6945,Linda Southworth,Corporate,True,2726.034,18.653999999999954,0.006842908048835764
LS-6975,Lindsay Shagiari,Home Office,False,716.184,40.194,0.056122448979591844
LS-7200,Luke Schmidt,Corporate,False,340.656,-102.474,-0.3008137241087784
LS-7230,Lycoris Saunders,Consumer,False,1164.348,-569.2919999999999,-0.48893629739562394
LS-7245,Lynn Smith,Consumer,False,953.151,-380.0489999999999,-0.3987290576204609
LT-16765,Larry Tron,Consumer,True,17253.78294,3948.6629399999997,0.22885780780548057
LT-17110,Liz Thompson,Consumer,True,12986.77316,1382.2841599999997,0.10643784587363961
LT-6765,Larry Tron,Consumer,False,1365.33,264.99,0.19408494649645142
LT-7110,Liz Thompson,Consumer,True,8234.994,1764.144,0.2142252926960238
LW-16825,Laurel Workman,Corporate,True,9990.85524,982.01094,0.09829097874107522
LW-16990,Lindsay Williams,Corporate,False,9111.8495,1335.3454,0.146550423160523
LW-17125,Liz Willingham,Consumer,False,5369.269,518.0501999999999,0.09648430726789808
LW-17215,Luke Weiss,Consumer,True,10529.49144,994.5585400000001,0.09445456560435744
LW-6825,Laurel Workman,Corporate,False,881.754,166.794,0.18916160289604583
LW-6990,Lindsay Williams,Corporate,True,1869.771,151.58100000000005,0.08106928602486617
LW-7125,Liz Willingham,Consumer,False,2677.341,881.991,0.32942796603047575
LW-7215,Luke Weiss,Consumer,True,1522.0140000000001,-145.17599999999996,-0.09538414232720589
MA-17560,Matt Abelman,Home Office,True,10813.79188,784.0774799999999,0.07250717312676817
MA-17995,Michelle Arnett,Home Office,True,10006.45034,889.3185399999999,0.08887452690841015
MA-7560,Matt Abelman,Home Office,False,1628.166,-264.1739999999999,-0.162252497595454
MA-7995,Michelle Arnett,Home Office,False,1928.007,213.35700000000008,0.1106619426174283
MB-17305,Maria Bertelson,Consumer,True,16729.34532,3481.4083199999995,0.20810188644010844
MB-18085,Mick Brown,Consumer,True,14744.23088,2236.30558,0.1516732611012939
MB-7305,Maria Bertelson,Consumer,True,4874.589,1140.939,0.2340585021629516
MB-8085,Mick Brown,Consumer,True,1703.508,359.658,0.21112786086123458
MC-17275,Marc Crier,Consumer,True,11680.0495,1463.0788999999997,0.12526307358543298
MC-17425,Mark Cousins,Corporate,True,15055.40518,3980.55748,0.264393912512423
MC-17575,Matt Collins,Consumer,True,14281.65306,966.02936,0.06764128465672166
MC-17590,Matt Collister,Corporate,True,10118.84168,1337.60878,0.13218991089106555
MC-17605,Matt Connell,Corporate,True,13019.2019,1296.2884999999999,0.09956743200979162
MC-17635,Matthew Clasen,Corporate,True,21113.5107,3529.4932000000003,0.16716751894795026
MC-17845,Michael Chen,Consumer,True,14947.88402,1064.3074199999999,0.0712012093869591
MC-18100,Mick Crebagga,Consumer,True,11353.7466,130.70980000000014,0.011512481703616684
MC-18130,Mike Caudle,Corporate,False,8532.703,717.1614999999999,0.08404857171285582
MC-7275,Marc Crier,Consumer,False,4301.043,650.403,0.1512198320267898
MC-7425,Mark Cousins,Corporate,True,1489.851,-1129.299,-0.7579945914054492
MC-7575,Matt Collins,Consumer,False,3619.188,783.318,0.2164347361894436
MC-7590,Matt Collister,Corporate,True,1554.06,569.5799999999999,0.36651094552333885
MC-7605,Matt Connell,Corporate,False,208.41,70.68,0.3391391967755866
MC-7635,Matthew Clasen,Corporate,False,695.286,113.79599999999999,0.16366790069122636
MC-7845,Michael Chen,Consumer,True,991.7280000000001,148.698,0.14993828953100044
MC-8100,Mick Crebagga,Consumer,False,659.34,205.44,0.31158431158431155
MC-8130,Mike Caudle,Corporate,True,826.35,79.46999999999994,0.09616990379379191
MD-17350,Maribeth Dona,Consumer,True,16455.32732,1040.95532,0.06325947213063399
MD-17860,Michael Dominguez,Corporate,True,15575.64874,1596.30844,0.10248744477014958
MD-7350,Maribeth Dona,Consumer,False,1374.198,189.678,0.1380281444158702
MD-7860,Michael Dominguez,Corporate,False,6853.512,2176.092,0.31751487412584967
ME-17320,Maria Etezadi,Home Office,True,24527.029000000002,3359.6504999999993,0.13697747493183943
ME-17725,Max Engle,Consumer,True,7839.8866,323.47619999999995,0.04126031618875711
ME-18010,Michelle Ellison,Corporate,True,10547.63192,639.31832,0.06061249812744698
ME-7320,Maria Etezadi,Home Office,False,1720.1879999999999,58.90800000000002,0.03424509414087299
ME-7725,Max Engle,Consumer,True,2083.875,349.785,0.1678531581788735
ME-8010,Michelle Ellison,Corporate,False,160.49999999999997,15.9,0.09906542056074769
MF-17665,Maureen Fritzler,Corporate,True,13366.53134,1417.4658399999998,0.10604589956394775
MF-18250,Monica Federle,Corporate,True,20425.299600000002,2272.4103999999998,0.11125469121637753
MF-7665,Maureen Fritzler,Corporate,False,161.91,3.42,0.021122846025569762
MF-8250,Monica Federle,Corporate,True,1517.55,300.93,0.19829989127211625
MG-17650,Matthew Grinstein,Home Office,True,12717.26968,2178.17168,0.17127667611118869
MG-17680,Maureen Gastineau,Home Office,True,16061.6441,892.4346999999998,0.05556309767815113
MG-17695,Maureen Gnade,Consumer,True,16221.6268,760.9116,0.04690723127719841
MG-17875,Michael Grace,Home Office,True,14452.82062,-133.4807800000004,-0.009235621440930913
MG-17890,Michael Granlund,Home Office,False,13162.2489,-977.2978999999998,-0.0742500698341907
MG-18145,Mike Gockenbach,Consumer,False,18147.9582,4668.1622,0.2572279563659123
MG-18205,Mitch Gastineau,Corporate,True,16362.8956,1540.2313000000001,0.09412950724931596
MG-7650,Matthew Grinstein,Home Office,False,301.71,27.150000000000002,0.08998707368002387
MG-7680,Maureen Gastineau,Home Office,True,4298.478,-151.24200000000008,-0.03518501199726975
MG-7695,Maureen Gnade,Consumer,True,2104.596,84.78600000000004,0.040286116670372865
MG-7875,Michael Grace,Home Office,False,80.19,15.870000000000001,0.19790497568275348
MG-7890,Michael Granlund,Home Office,False,19.128000000000004,-22.482000000000006,-1.1753450439146802
MG-8145,Mike Gockenbach,Consumer,True,5229.1140000000005,1790.5140000000001,0.3424125004733115
MG-8205,Mitch Gastineau,Corporate,False,1648.944,282.20400000000006,0.17114225831805085
MH-17290,Marc Harrigan,Home Office,True,13718.69666,1950.61286,0.14218645607111194
MH-17440,Mark Haberlin,Corporate,True,7945.0458,771.4383999999999,0.09709678451444545
MH-17455,Mark Hamilton,Consumer,True,9974.27472,155.89602000000005,0.01562981012417914
MH-17620,Matt Hagelstein,Corporate,True,11038.31378,106.88498000000017,0.009683089476371106
MH-17785,Maya Herman,Corporate,True,11676.13204,1185.02544,0.10149126747970554
MH-18025,Michelle Huthwaite,Consumer,True,11753.7025,1010.9377,0.08601014871696812
MH-18115,Mick Hernandez,Home Office,True,12017.105,1250.6666,0.10407386804059714
MH-7290,Marc Harrigan,Home Office,True,1685.34,365.40000000000003,0.21681085122289867
MH-7440,Mark Haberlin,Corporate,False,3357.78,780.5699999999999,0.2324660936690313
MH-7455,Mark Hamilton,Consumer,False,4747.371,371.15100000000007,0.07818032338319462
MH-7620,Matt Hagelstein,Corporate,False,1179.666,168.00600000000003,0.14241827771589588
MH-7785,Maya Herman,Corporate,False,1914.834,285.504,0.1491011753499259
MH-8025,Michelle Huthwaite,Consumer,True,1095.426,-149.7539999999999,-0.1367084586270546
MH-8115,Mick Hernandez,Home Office,False,1260.702,237.52200000000002,0.188404555557142
MJ-17740,Max Jones,Consumer,True,15347.655,2054.661899999999,0.13387464729953855
MJ-7740,Max Jones,Consumer,False,1136.8980000000001,382.96799999999996,0.33685343803929635
MK-17905,Michael Kennedy,Corporate,True,13202.4489,-139.19499999999957,-0.010543119769242172
MK-18160,Mike Kennedy,Consumer,True,10043.318800000001,317.56060000000014,0.03161908989685761
MK-7905,Michael Kennedy,Corporate,False,1244.955,-71.44499999999996,-0.05738761641987057
MK-8160,Mike Kennedy,Consumer,False,2697.0660000000003,441.036,0.1635243631412802
ML-17395,Marina Lichtenstein,Corporate,True,14507.079479999999,1141.97268,0.07871830312740523
ML-17410,Maris LaWare,Consumer,False,14981.7043,1338.5888,0.0893482325639013
ML-17755,Max Ludwig,Home Office,True,14425.1044,1577.4215999999997,0.1093525257259143
ML-18040,Michelle Lonsdale,Corporate,True,8677.598999999998,1646.9332000000002,0.18979134666167455
ML-18265,Muhammed Lee,Consumer,True,14674.00116,2037.5839600000002,0.13885673973873397
ML-7395,Marina Lichtenstein,Corporate,False,1049.3999999999999,142.26,0.1355631789594054
ML-7410,Maris LaWare,Consumer,False,193.13400000000001,-184.446,-0.9550156885892696
ML-7755,Max Ludwig,Home Office,False,1108.5,260.34,0.23485791610284165
ML-8040,Michelle Lonsdale,Corporate,False,1690.896,315.906,0.18682757543929374
ML-8265,Muhammed Lee,Consumer,True,1170.72,276.78000000000003,0.23641861418614188
MM-17260,Magdelene Morse,Consumer,True,15713.71812,3160.30712,0.2011177173897275
MM-17920,Michael Moore,Consumer,False,20383.654000000002,1824.2189999999991,0.08949420942879029
MM-18055,Michelle Moray,Consumer,True,11163.587,1901.2817,0.17031100308529867
MM-18280,Muhammed MacIntyre,Corporate,True,7134.304,1877.0716,0.2631050765428555
MM-7260,Magdelene Morse,Consumer,False,5510.358,1220.4180000000001,0.2214770800735633
MM-7920,Michael Moore,Consumer,True,1350.03,234.69,0.1738405813204151
MM-8055,Michelle Moray,Consumer,True,1924.9110000000003,-638.499,-0.33170312809267544
MM-8280,Muhammed MacIntyre,Corporate,True,3586.6949999999997,289.39500000000004,0.08068570090292039
MN-17935,Michael Nguyen,Consumer,True,12870.93412,1517.15082,0.11787418114762288
MN-7935,Michael Nguyen,Consumer,False,2175.33,-124.97999999999998,-0.05745335190522816
MO-17500,Mary O'Rourke,Consumer,True,10314.4082,573.4588999999999,0.05559784806655217
MO-17800,Meg O'Connel,Home Office,True,13709.1228,2638.8095,0.19248565633973314
MO-17950,Michael Oakman,Consumer,True,4527.392,34.126599999999996,0.007537805429704341
MO-7500,Mary O'Rourke,Consumer,False,810.87,-54.44999999999999,-0.06715009804284286
MO-7800,Meg O'Connel,Home Office,False,4294.266,465.27600000000007,0.10834820199773375
MO-7950,Michael Oakman,Consumer,False,933.192,252.132,0.27018234189748735
MP-17470,Mark Packer,Home Office,True,12928.802800000001,2231.3581,0.17258814559380545
MP-17965,Michael Paige,Corporate,False,17228.4977,1455.212,0.08446540292366873
MP-18175,Mike Pelletier,Home Office,True,22045.2528,455.2957000000001,0.02065277745420094
MP-7470,Mark Packer,Home Office,False,58.11,-58.37999999999998,-1.004646360351058
MP-7965,Michael Paige,Corporate,False,567.093,177.483,0.3129698303452873
MP-8175,Mike Pelletier,Home Office,True,2169.174,77.30400000000002,0.035637528386381186
MR-17545,Mathew Reese,Home Office,True,19246.7123,3060.9206,0.15903602403824574
MR-7545,Mathew Reese,Home Office,False,2325.2400000000002,650.3100000000001,0.27967435619548947
MS-17365,Maribeth Schnelling,Consumer,True,20317.0067,3300.3221999999996,0.16244136002573645
MS-17530,MaryBeth Skach,Consumer,True,13335.04236,2150.4531600000005,0.16126331675184874
MS-17710,Maurice Satty,Consumer,True,8500.63026,1057.9430599999998,0.1244546613182538
MS-17770,Maxwell Schwartz,Consumer,True,17382.93504,2685.67544,0.15450068896995658
MS-17830,Melanie Seite,Consumer,True,11783.3973,1765.3904999999997,0.14982016264528394
MS-17980,Michael Stewart,Corporate,True,16210.5722,834.6122000000003,0.05148567180127055
MS-7365,Maribeth Schnelling,Consumer,True,1365.5400000000002,229.02,0.16771387143547606
MS-7530,MaryBeth Skach,Consumer,False,1456.806,-163.07400000000004,-0.11193940716883376
MS-7710,Maurice Satty,Consumer,False,1529.46,94.80000000000001,0.061982660546859684
MS-7770,Maxwell Schwartz,Consumer,False,538.5600000000001,166.11,0.30843360071301246
MS-7830,Melanie Seite,Consumer,True,4322.9039999999995,294.8940000000001,0.06821664325647762
MS-7980,Michael Stewart,Corporate,False,1654.644,412.734,0.24943975864294674
MT-17815,Meg Tillman,Consumer,True,13845.5188,1294.9966000000002,0.09353182200727647
MT-18070,Michelle Tran,Home Office,False,10920.3999,1203.5738000000001,0.11021334484280196
MT-7815,Meg Tillman,Consumer,True,1500.5880000000002,-501.58199999999994,-0.33425697126726317
MT-8070,Michelle Tran,Home Office,False,6851.9220000000005,-2991.6179999999995,-0.436610048976039
MV-17485,Mark Van Huff,Consumer,True,10563.3673,1650.8830999999998,0.156283792195695
MV-18190,Mike Vittorini,Consumer,True,15577.035600000001,1178.6598,0.07566650229649599
MV-7485,Mark Van Huff,Consumer,False,952.536,159.75599999999997,0.16771649575449116
MV-8190,Mike Vittorini,Consumer,True,3995.04,181.38000000000008,0.045401297609035225
MW-18220,Mitch Webber,Consumer,True,20592.0813,3596.3133,0.17464544975354188
MW-18235,Mitch Willingham,Corporate,True,17933.0609,-180.2391000000003,-0.010050660119043051
MW-8220,Mitch Webber,Consumer,True,2476.497,490.22700000000003,0.19795178431469937
MW-8235,Mitch Willingham,Corporate,True,1070.772,325.752,0.3042216270130336
MY-17380,Maribeth Yedwab,Corporate,True,14724.1472,2926.3333,0.19874382266431023
MY-18295,Muhammed Yedwab,Corporate,True,25570.49418,2553.67708,0.0998681160412364
MY-7380,Maribeth Yedwab,Corporate,False,1745.574,633.174,0.3627311130894479
MY-8295,Muhammed Yedwab,Corporate,True,4072.167,88.97699999999998,0.021850037093272445
MZ-17335,Maria Zettner,Home Office,True,14463.9343,1794.5973999999999,0.12407394577283165
MZ-17515,Mary Zewe,Corporate,True,13383.97684,1454.6211400000002,0.10868377593516519
MZ-7335,Maria Zettner,Home Office,True,3494.2259999999997,459.9060000000001,0.13161884777916488
MZ-7515,Mary Zewe,Corporate,True,3193.161,428.4210000000002,0.13416830532503693
NB-18580,Nicole Brennan,Corporate,True,4875.5984,-105.25479999999992,-0.021588078296194354
NB-18655,Nona Balk,Corporate,True,9647.204600000001,1537.0684999999999,0.15932786374200042
NB-8580,Nicole Brennan,Corporate,True,1059.477,-586.173,-0.5532663757684215
NB-8655,Nona Balk,Corporate,False,434.616,-83.66400000000002,-0.19250096637031314
NC-18340,Nat Carroll,Consumer,True,13905.347119999999,-996.2393800000009,-0.07164433734754555
NC-18415,Nathan Cano,Consumer,False,9255.794,-771.6432000000002,-0.08336866615657179
NC-18535,Nick Crebassa,Corporate,False,11054.377999999999,1414.9769999999996,0.12800150311487446
NC-18625,Noah Childs,Corporate,True,16901.51758,2229.91458,0.13193576076498098
NC-8340,Nat Carroll,Consumer,True,2707.962,535.362,0.19769922916200447
NC-8415,Nathan Cano,Consumer,False,1503.4260000000002,46.65600000000012,0.031033120353113564
NC-8535,Nick Crebassa,Corporate,True,1250.8709999999999,-79.59899999999999,-0.06363485923008848
NC-8625,Noah Childs,Corporate,True,442.32,33.0,0.07460661964188822
ND-18370,Natalie DeCherney,Consumer,True,10913.15082,1970.27732,0.18054156425559229
ND-18460,Neil Ducich,Corporate,True,12061.44172,2197.42352,0.18218580921021105
ND-8370,Natalie DeCherney,Consumer,True,2790.234,650.004,0.23295680577327924
ND-8460,Neil Ducich,Corporate,False,2722.9799999999996,971.43,0.3567525284798273
NF-18385,Natalie Fritzler,Consumer,True,28044.3595,1362.2720999999997,0.04857561820942995
NF-18475,Neil Französisch,Home Office,True,10630.9149,2633.7607,0.24774544098739798
NF-18595,Nicole Fjeld,Home Office,True,10535.30152,1438.9526199999998,0.13658390481452493
NF-8385,Natalie Fritzler,Consumer,True,3736.8990000000003,180.54900000000004,0.048315193961624335
NF-8475,Neil Französisch,Home Office,True,2019.006,286.296,0.14180047013233243
NF-8595,Nicole Fjeld,Home Office,True,1731.9360000000001,-67.40400000000005,-0.03891829721190624
NG-18355,Nat Gilpin,Corporate,True,9262.72936,1826.7028599999999,0.19721000031463728
NG-18430,Nathan Gelder,Consumer,True,18970.41454,3320.6958399999994,0.17504603460288956
NG-8355,Nat Gilpin,Corporate,True,2746.4700000000003,979.74,0.3567269986564572
NG-8430,Nathan Gelder,Consumer,True,3749.829,890.529,0.23748522932645727
NH-18610,Nicole Hansen,Corporate,True,19181.9263,3867.6128999999996,0.20162797205617455
NH-8610,Nicole Hansen,Corporate,True,2121.522,207.85199999999998,0.09797305896427187
NK-18490,Neil Knudson,Home Office,True,11483.193,2309.4927,0.20111938378114866
NK-8490,Neil Knudson,Home Office,True,2395.35,731.04,0.30519130815955914
NL-18310,Nancy Lomonaco,Home Office,True,10587.3308,-593.2810999999997,-0.05603689080915463
NL-8310,Nancy Lomonaco,Home Office,False,251.32199999999997,26.352000000000004,0.10485353450951372
NM-18445,Nathan Mautz,Home Office,True,20223.2359,5095.1568,0.25194567403528134
NM-18520,Neoma Murray,Consumer,False,12328.606,2631.0495,0.21341013736670636
NM-8445,Nathan Mautz,Home Office,True,4053.7200000000003,693.96,0.17119090613066518
NM-8520,Neoma Murray,Consumer,False,1540.53,511.65,0.33212595665128236
NP-18325,Naresj Patel,Consumer,False,11778.491,1772.79,0.1505107912380287
NP-18670,Nora Paige,Consumer,True,12839.01426,2741.60246,0.21353683425225825
NP-18685,Nora Pelletier,Home Office,True,11363.4332,308.26689999999996,0.027127972204738265
NP-18700,Nora Preis,Consumer,False,14036.433500000001,609.6892000000001,0.04343619053942728
NP-8325,Naresj Patel,Consumer,True,1336.686,31.53600000000004,0.023592676215655764
NP-8670,Nora Paige,Consumer,False,2871.87,294.06,0.10239321417752197
NP-8685,Nora Pelletier,Home Office,True,4994.85,1250.76,0.25040992221988645
NP-8700,Nora Preis,Consumer,True,1880.622,-234.13799999999998,-0.12450029830556059
NR-18550,Nick Radford,Consumer,True,10993.42058,1206.92478,0.10978610080612416
NR-8550,Nick Radford,Consumer,False,1898.481,463.041,0.2439007817302359
NS-18505,Neola Schneider,Consumer,True,14834.28974,479.1027399999998,0.032296978716016354
NS-18640,Noel Staavos,Corporate,False,14866.087,1116.0525999999998,0.07507372989274176
NS-8505,Neola Schneider,Consumer,True,962.8530000000002,-1166.547,-1.2115525422883866
NS-8640,Noel Staavos,Corporate,True,1771.4370000000001,-297.33299999999997,-0.16784847555967272
NW-18400,Natalie Webber,Consumer,True,15326.833059999999,2085.49206,0.13606803517960417
NW-8400,Natalie Webber,Consumer,True,7046.736,1736.0459999999998,0.2463617198090009
NZ-18565,Nick Zandusky,Home Office,True,19941.69812,2257.84172,0.11322213917858666
NZ-8565,Nick Zandusky,Home Office,False,328.584,-166.56599999999997,-0.5069206047768606
ON-18715,Odella Nelson,Corporate,True,17763.948239999998,3779.1692399999997,0.21274376557179162
ON-8715,Odella Nelson,Corporate,True,1507.758,-995.862,-0.6604919357085155
OT-18730,Olvera Toch,Consumer,True,19493.76566,1797.7613599999997,0.09222237464816224
OT-8730,Olvera Toch,Consumer,False,265.05,33.24000000000001,0.12541029994340694
PA-19060,Pete Armstrong,Home Office,True,6723.23276,647.89356,0.09636637360744893
PA-9060,Pete Armstrong,Home Office,False,3670.5809999999997,907.4609999999999,0.24722543924245236
PB-18805,Patrick Bzostek,Home Office,True,12075.39774,1479.57744,0.12252825719345622
PB-19105,Peter Bühler,Consumer,True,8087.781,1615.6466999999998,0.19976390310271752
PB-19150,Philip Brown,Consumer,True,7907.2555600000005,460.19615999999996,0.058199226837686774
PB-19210,Phillip Breyer,Corporate,True,18967.662,2313.681,0.12198029467205816
PB-8805,Patrick Bzostek,Home Office,False,2787.6720000000005,263.502,0.09452403295653146
PB-9105,Peter Bühler,Consumer,True,1808.2079999999999,320.538,0.17726832311327018
PB-9150,Philip Brown,Consumer,True,3478.443,811.653,0.23333801933796242
PB-9210,Phillip Breyer,Corporate,True,5302.197,-909.7229999999998,-0.1715747264765907
PC-18745,Pamela Coakley,Corporate,True,10693.496439999999,-904.33256,-0.08456846318452602
PC-19000,Pauline Chand,Home Office,True,9474.0653,519.6209,0.054846666509676685
PC-8745,Pamela Coakley,Corporate,False,1246.56,484.23,0.3884530227185214
PC-9000,Pauline Chand,Home Office,False,1160.43,313.71,0.2703394431374576
PF-19120,Peter Fuller,Consumer,True,27993.04966,623.4013599999994,0.02226986225408637
PF-19165,Philip Fox,Consumer,True,16018.8427,1486.3465999999999,0.09278738969076711
PF-19225,Phillip Flathmann,Consumer,True,11915.1997,1613.6235,0.13542563621489281
PF-9120,Peter Fuller,Consumer,False,1882.95,439.89,0.23361746196128413
PF-9165,Philip Fox,Consumer,True,2007.6419999999998,422.532,0.21046182536527927
PF-9225,Phillip Flathmann,Consumer,False,1474.272,-672.7679999999999,-0.45633912873608123
PG-18820,Patrick Gardner,Consumer,True,14635.9446,1626.9189,0.11115913215468169
PG-18895,Paul Gonzalez,Consumer,True,13941.6862,1270.0984999999998,0.09110078090840976
PG-8820,Patrick Gardner,Consumer,True,1846.56,348.27,0.18860475695347023
PG-8895,Paul Gonzalez,Consumer,False,1981.302,350.082,0.1766929019402393
PH-18790,Patricia Hirasaki,Home Office,True,9435.5663,2390.0761,0.2533049977085106
PH-8790,Patricia Hirasaki,Home Office,False,1746.84,353.54999999999995,0.20239403723294633
PJ-18835,Patrick Jones,Corporate,True,13639.502,4889.2675,0.35846378408830465
PJ-19015,Pauline Johnson,Consumer,True,9230.87916,1212.8130600000002,0.13138651681797123
PJ-8835,Patrick Jones,Corporate,False,801.4050000000001,-870.1349999999999,-1.0857618806970255
PJ-9015,Pauline Johnson,Consumer,False,6612.66,889.6800000000001,0.13454192412735572
PK-18910,Paul Knutson,Home Office,True,7282.5815600000005,319.1645599999999,0.04382574467178365
PK-19075,Pete Kriz,Consumer,True,17668.9105,2170.2640999999994,0.1228295372258521
PK-8910,Paul Knutson,Home Office,True,948.456,-627.6539999999999,-0.6617639616387053
PK-9075,Pete Kriz,Consumer,False,992.784,-505.686,-0.5093615529662041
PL-18925,Paul Lucas,Home Office,True,14256.7186,1782.9749000000002,0.12506208125620155
PL-8925,Paul Lucas,Home Office,False,759.2099999999999,223.53000000000003,0.2944244675386257
PM-18940,Paul MacIntyre,Consumer,True,12893.5944,926.3291999999997,0.07184413990872861
PM-19135,Peter McVee,Home Office,True,9857.6599,648.8516,0.06582207203151733
PM-8940,Paul MacIntyre,Consumer,False,1448.8559999999998,252.066,0.1739758816611175
PM-9135,Peter McVee,Home Office,False,1429.296,369.78600000000006,0.2587189777344931
PN-18775,Parhena Norris,Home Office,True,11370.46522,1729.7528200000002,0.15212682916064538
PN-8775,Parhena Norris,Home Office,False,1522.11,475.71,0.31253325975126633
PO-18850,Patrick O'Brill,Consumer,True,25274.4702,3249.2776999999996,0.1285596760006467
PO-18865,Patrick O'Donnell,Consumer,True,21051.0598,4698.6391,0.22320202140131684
PO-19180,Philisse Overcash,Home Office,True,16753.1715,2556.7416000000003,0.15261239342055324
PO-19195,Phillina Ober,Home Office,True,10872.01088,-1667.6880200000005,-0.15339278431627182
PO-8850,Patrick O'Brill,Consumer,True,1432.9859999999999,529.086,0.3692192387085429
PO-8865,Patrick O'Donnell,Consumer,True,2973.15,-80.52000000000001,-0.027082387366934062
PO-9180,Philisse Overcash,Home Office,False,1231.068,-380.95199999999994,-0.3094483814054138
PO-9195,Phillina Ober,Home Office,True,8227.356,641.586,0.07798203943040753
PP-18955,Paul Prost,Home Office,True,21884.1846,2902.392,0.13262509218643675
PP-8955,Paul Prost,Home Office,True,359.06100000000004,-214.65900000000002,-0.5978343512662194
PR-18880,Patrick Ryan,Consumer,True,13243.62082,1362.8254199999997,0.10290429169807654
PR-8880,Patrick Ryan,Consumer,False,1085.64,-953.6999999999999,-0.8784680004421354
PS-18760,Pamela Stobb,Consumer,True,15926.5494,1485.3094,0.09325996251265828
PS-18970,Paul Stevenson,Home Office,True,18222.40482,2205.42572,0.12102824746706511
PS-19045,Penelope Sewall,Home Office,True,29252.3194,4426.1951,0.15131091109308753
PS-8760,Pamela Stobb,Consumer,False,1706.2020000000002,-192.19799999999998,-0.11264668544521689
PS-8970,Paul Stevenson,Home Office,False,1395.9479999999999,-371.2319999999999,-0.26593540733608984
PS-9045,Penelope Sewall,Home Office,False,829.356,-87.384,-0.10536367977081013
PT-19090,Pete Takahito,Consumer,True,8370.783000000001,216.6701999999998,0.025884101881508546
PT-9090,Pete Takahito,Consumer,False,4686.030000000001,393.0300000000001,0.08387270247949757
PV-18985,Paul Van Hugh,Home Office,True,12540.661,2531.1434,0.20183492720200313
PV-8985,Paul Van Hugh,Home Office,True,6390.6359999999995,1524.4260000000002,0.23854057718198945
PW-19030,Pauline Webber,Corporate,True,12810.05846,2322.39936,0.18129498528455582
PW-19240,Pierre Wener,Consumer,False,7186.1398,1837.4188,0.25568926449218254
PW-9030,Pauline Webber,Corporate,True,1081.0020000000002,-377.59799999999996,-0.34930370156576945
PW-9240,Pierre Wener,Consumer,True,1237.5300000000002,104.88000000000001,0.0847494606191365
QJ-19255,Quincy Jones,Corporate,True,18192.9231,2407.6019,0.13233727679528312
QJ-9255,Quincy Jones,Corporate,False,387.051,-164.40899999999993,-0.42477347946394645
RA-19285,Ralph Arnett,Consumer,True,16816.427,4132.8992,0.245765595747539
RA-19885,Ruben Ausman,Corporate,True,15435.49908,3419.96068,0.22156463242781005
RA-19915,Russell Applegate,Consumer,True,20975.19342,2078.7577199999996,0.09910553282516522
RA-19945,Ryan Akin,Consumer,False,11696.0283,678.9608000000003,0.058050543533654096
RA-9285,Ralph Arnett,Consumer,False,6226.686,-1519.8239999999998,-0.24408232565444923
RA-9885,Ruben Ausman,Corporate,True,503.26800000000003,-99.492,-0.19769188583418776
RA-9915,Russell Applegate,Consumer,False,420.66,85.44,0.20310939951504778
RA-9945,Ryan Akin,Consumer,False,2044.587,217.767,0.10650904070112938
RB-19330,Randy Bradley,Consumer,True,18359.76862,3737.58642,0.20357481062852306
RB-19360,Raymond Buch,Consumer,True,29197.634599999998,8523.9515,0.29193979638336864
RB-19435,Richard Bierner,Consumer,True,11618.07552,605.43942,0.0521118509651416
RB-19465,Rick Bensley,Home Office,True,17178.4394,2769.6499999999996,0.1612282661718386
RB-19570,Rob Beeghly,Consumer,False,10961.631,1646.1129,0.15017043540327166
RB-19645,Robert Barroso,Corporate,True,5973.5944,754.2793999999999,0.12626893449612178
RB-19705,Roger Barcio,Home Office,True,9288.0836,2069.0791,0.2227670625186879
RB-19795,Ross Baird,Home Office,True,19056.88134,2323.6621399999995,0.12193296996202001
RB-9330,Randy Bradley,Consumer,True,4538.256,413.766,0.09117290871206912
RB-9360,Raymond Buch,Consumer,False,404.508,-70.90199999999997,-0.17527959892016962
RB-9435,Richard Bierner,Consumer,False,3179.1540000000005,-1731.0959999999998,-0.5445146727714353
RB-9465,Rick Bensley,Home Office,False,3675.24,1296.8100000000002,0.35285042609462247
RB-9570,Rob Beeghly,Consumer,False,586.761,-150.18899999999994,-0.2559628196148005
RB-9645,Robert Barroso,Corporate,False,282.594,-114.15599999999998,-0.4039576211809167
RB-9705,Roger Barcio,Home Office,False,6018.072,810.4620000000001,0.13467136983405983
RB-9795,Ross Baird,Home Office,False,255.288,26.867999999999995,0.10524583999247906
RC-19825,Roy Collins,Consumer,False,7916.6732999999995,737.7457,0.09318885244386681
RC-19960,Ryan Crowe,Consumer,True,7897.8691,1758.0904,0.2226031322803261
RC-9825,Roy Collins,Consumer,False,37.44,0.0,0.0
RC-9960,Ryan Crowe,Consumer,False,1639.965,365.92499999999995,0.22312976191565062
RD-19480,Rick Duston,Consumer,True,16487.1909,3316.9349,0.20118253740847994
RD-19585,Rob Dowd,Consumer,True,16315.1079,2450.5697,0.1502024819584552
RD-19660,Robert Dilbeck,Home Office,True,12947.9651,3171.6951,0.24495703189684995
RD-19720,Roger Demir,Consumer,True,10902.5255,1897.1189,0.17400728849476207
RD-19810,Ross DeVincentis,Home Office,True,7091.09996,1417.27646,0.1998669413764688
RD-19900,Ruben Dartt,Consumer,True,13485.748,2475.0832,0.1835332530312742
RD-19930,Russell D'Ascenzo,Consumer,True,9293.58832,683.3937199999999,0.07353389201986944
RD-9480,Rick Duston,Consumer,False,1061.73,270.51,0.25478228928258595
RD-9585,Rob Dowd,Consumer,True,5168.4,1469.3999999999999,0.2843046203854191
RD-9660,Robert Dilbeck,Home Office,True,3391.788,794.1779999999999,0.23414729930054587
RD-9720,Roger Demir,Consumer,True,3833.712,1139.892,0.2973337590304123
RD-9810,Ross DeVincentis,Home Office,True,3214.788,522.6180000000002,0.16256686288489325
RD-9900,Ruben Dartt,Consumer,True,4837.2210000000005,855.591,0.17687655784178558
RD-9930,Russell D'Ascenzo,Consumer,True,6523.392000000001,546.9720000000001,0.08384778961619968
RE-19405,Ricardo Emerson,Consumer,True,12073.09218,2356.00718,0.1951452987249535
RE-19450,Richard Eichhorn,Consumer,True,10660.485240000002,1501.1886399999999,0.14081804028650385
RE-9405,Ricardo Emerson,Consumer,False,1967.403,287.673,0.14621966114720777
RE-9450,Richard Eichhorn,Consumer,True,5678.7029999999995,890.2230000000001,0.15676519796862068
RF-19345,Randy Ferguson,Corporate,True,13391.2718,2277.379,0.17006442957867526
RF-19735,Roland Fjeld,Consumer,True,12139.0877,824.7584999999999,0.06794237922838303
RF-19840,Roy Französisch,Consumer,True,15077.47568,3052.1697799999997,0.20243241274457158
RF-9345,Randy Ferguson,Corporate,True,3208.026,816.576,0.25454157790491727
RF-9735,Roland Fjeld,Consumer,True,950.13,298.77000000000004,0.3144517066085694
RF-9840,Roy Französisch,Consumer,False,571.722,-210.438,-0.3680774922077513
RH-19495,Rick Hansen,Consumer,False,13295.748599999999,1457.3802999999998,0.10961250425568365
RH-19510,Rick Huthwaite,Home Office,True,11599.392960000001,1800.9964599999994,0.1552664407707073
RH-19555,Ritsa Hightower,Consumer,True,8944.311,293.0046999999998,0.032758778177547694
RH-19600,Rob Haberlin,Consumer,True,4629.69556,329.7516599999998,0.0712253442427216
RH-9495,Rick Hansen,Consumer,True,3057.21,393.51,0.1287153973721138
RH-9510,Rick Huthwaite,Home Office,False,1837.788,-136.33200000000002,-0.07418265871798053
RH-9555,Ritsa Hightower,Consumer,True,8753.469000000001,1709.799,0.19532816075546733
RH-9600,Rob Haberlin,Consumer,False,3340.47,892.62,0.2672138950506965
RK-19300,Ralph Kennedy,Consumer,True,13480.924579999999,-1673.56942,-0.12414351924220914
RK-9300,Ralph Kennedy,Consumer,False,519.12,117.78,0.22688395746648174
RL-19615,Rob Lucas,Consumer,True,14866.82448,2337.1428799999994,0.15720525140685587
RL-9615,Rob Lucas,Consumer,False,2420.226,366.8460000000002,0.15157510083769044
RM-19375,Raymond Messe,Consumer,True,16077.68112,1331.5070199999998,0.0828171059036404
RM-19675,Robert Marley,Home Office,True,11151.9605,2810.5083,0.252019212227303
RM-19750,Roland Murray,Consumer,True,6475.01086,1314.87876,0.20306973817183682
RM-9375,Raymond Messe,Consumer,True,2239.446,523.8960000000001,0.2339400012324477
RM-9675,Robert Marley,Home Office,False,1715.094,-268.26599999999996,-0.1564147504451651
RM-9750,Roland Murray,Consumer,False,929.1750000000001,-64.54499999999997,-0.06946484784889818
RO-19780,Rose O'Brian,Consumer,True,18833.4355,710.6859000000005,0.03773532980745868
RO-9780,Rose O'Brian,Consumer,False,3080.106,158.1959999999999,0.051360570058303155
RP-19270,Rachel Payne,Corporate,True,13725.5769,1507.9101,0.10986132757742227
RP-19390,Resi Pölking,Consumer,False,16114.907500000001,-452.0761999999996,-0.028053291649362527
RP-19855,Roy Phan,Corporate,False,11043.0844,428.4051999999998,0.03879398042090485
RP-9270,Rachel Payne,Corporate,True,1274.352,394.812,0.3098139289615428
RP-9390,Resi Pölking,Consumer,False,5935.9800000000005,1520.46,0.25614304630406437
RP-9855,Roy Phan,Corporate,False,3569.139,-289.55099999999976,-0.08112628844099368
RR-19315,Ralph Ritter,Consumer,True,11765.04038,2304.3833799999998,0.19586701835017414
RR-19525,Rick Reed,Corporate,True,15009.286600000001,-99.16280000000047,-0.0066067630422887965
RR-9315,Ralph Ritter,Consumer,False,1820.85,534.6,0.29359914325727
RR-9525,Rick Reed,Corporate,False,1376.91,51.18000000000001,0.03717018541516875
RS-19420,Ricardo Sperren,Corporate,True,14047.14948,1771.03088,0.12607759905463753
RS-19765,Roland Schwarz,Corporate,True,13582.12128,3046.3163799999998,0.22428870403960932
RS-19870,Roy Skaria,Home Office,True,7090.9567799999995,1222.85258,0.1724524091655795
RS-9420,Ricardo Sperren,Corporate,False,385.44,52.62,0.13651930261519302
RS-9765,Roland Schwarz,Corporate,True,1524.15,425.85,0.27940163369747073
RS-9870,Roy Skaria,Home Office,False,1031.436,240.576,0.2332437494910009
RW-19540,Rick Wilson,Corporate,True,19423.6885,3925.0247999999997,0.20207412201858568
RW-19630,Rob Williams,Corporate,True,9425.9243,1999.6208,0.21214055368554147
RW-19690,Robert Waldorf,Consumer,True,11200.142,2312.2563,0.20644883788080545
RW-9540,Rick Wilson,Corporate,False,5698.434,1252.4039999999998,0.2197803817680436
RW-9630,Rob Williams,Corporate,True,560.01,252.6,0.4510633738683238
RW-9690,Robert Waldorf,Consumer,True,1398.9959999999999,-175.25399999999996,-0.1252712659650206
SA-10830,Sue Ann Reed,Consumer,True,872.676,-56.54399999999991,-0.06479380663613978
SA-20830,Sue Ann Reed,Consumer,True,15622.37866,1411.2467599999998,0.09033494775116402
SB-10170,Sarah Bern,Consumer,False,1647.24,24.060000000000006,0.014606250455307062
SB-10185,Sarah Brown,Consumer,False,1268.436,223.29599999999996,0.1760404151253985
SB-10290,Sean Braxton,Corporate,True,1975.404,-120.66599999999997,-0.061084213659585565
SB-20170,Sarah Bern,Consumer,True,12950.934000000001,2342.8998,0.18090585590197586
SB-20185,Sarah Brown,Consumer,True,21034.46172,1445.3581199999994,0.06871381541585746
SB-20290,Sean Braxton,Corporate,True,18538.532799999997,-1776.3133000000003,-0.09581736155517122
SC-10020,Sam Craven,Consumer,False,476.334,-115.50600000000001,-0.24248951366058272
SC-10050,Sample Company A,Home Office,False,2311.854,358.854,0.15522346999421244
SC-10095,Sanjit Chand,Consumer,False,918.5219999999999,99.162,0.10795821983577968
SC-10230,Scot Coram,Corporate,False,1793.9070000000004,286.317,0.15960526381802398
SC-10260,Scott Cohen,Corporate,False,3166.518,-42.88199999999995,-0.013542319986811996
SC-10305,Sean Christensen,Consumer,True,3207.1800000000003,-213.14999999999998,-0.06646025480328512
SC-10380,Shahid Collister,Consumer,False,1556.1599999999999,410.13,0.2635525909932141
SC-10440,Shaun Chance,Corporate,False,1929.0810000000001,-533.4389999999999,-0.27652493596691885
SC-10575,Sonia Cooley,Consumer,False,328.02,41.64,0.12694347905615513
SC-10680,Steve Carroll,Home Office,False,6344.79,543.3600000000001,0.08563876818618113
SC-10695,Steve Chapman,Corporate,False,1468.8990000000001,-350.481,-0.2386011563763063
SC-10725,Steven Cartwright,Consumer,False,2944.494,191.21400000000003,0.06493951082936492
SC-10770,Stewart Carmichael,Corporate,True,2033.208,-127.66199999999989,-0.06278846040346088
SC-10800,Stuart Calhoun,Consumer,False,89.28600000000002,-77.844,-0.8718500100799675
SC-10845,Sung Chung,Consumer,False,1368.12,261.66,0.19125515305674945
SC-20020,Sam Craven,Consumer,True,10579.47,1231.5156,0.11640617157570275
SC-20050,Sample Company A,Home Office,True,16813.21902,-340.42868000000004,-0.020247680089996237
SC-20095,Sanjit Chand,Consumer,True,25602.61,8106.2179,0.31661685664078776
SC-20230,Scot Coram,Corporate,True,20333.868000000002,2785.051,0.13696611977612916
SC-20260,Scott Cohen,Corporate,False,9366.1924,1265.5528,0.13511924013006607
SC-20305,Sean Christensen,Consumer,True,17696.721999999998,675.4287000000003,0.038166881979611836
SC-20380,Shahid Collister,Consumer,True,16122.72424,1282.24974,0.07953058806394371
SC-20440,Shaun Chance,Corporate,True,7677.435259999999,890.45836,0.11598383181937767
SC-20575,Sonia Cooley,Consumer,False,9685.4243,896.3616000000001,0.09254747879243659
SC-20680,Steve Carroll,Home Office,True,13477.05528,1165.43308,0.08647535057079621
SC-20695,Steve Chapman,Corporate,True,21931.0435,2516.1645999999996,0.11473072861307304
SC-20725,Steven Cartwright,Consumer,True,13975.42408,1874.8253799999998,0.13415159134119095
SC-20770,Stewart Carmichael,Corporate,True,14495.11408,445.74968000000035,0.030751719340728387
SC-20800,Stuart Calhoun,Consumer,True,11321.2786,1354.1978,0.11961527031054602
SC-20845,Sung Chung,Consumer,True,9898.62502,1435.03872,0.14497354098175547
SD-10485,Shirley Daniels,Home Office,True,1157.343,216.30300000000003,0.18689619239931465
SD-20485,Shirley Daniels,Home Office,True,16802.0649,3430.9181,0.20419621757323408
SE-10110,Sanjit Engle,Consumer,True,613.7099999999999,152.16,0.24793469228137072
SE-20110,Sanjit Engle,Consumer,True,29532.62502,5863.623919999999,0.19854733251883477
SF-10065,Sandra Flanagan,Consumer,True,3861.429,792.0089999999999,0.2051077463809382
SF-10200,Sarah Foster,Consumer,False,2633.3160000000003,-1384.4039999999998,-0.5257264984529011
SF-10965,Sylvia Foulston,Corporate,True,2476.302,656.352,0.26505329317668036
SF-20065,Sandra Flanagan,Consumer,True,7395.746,1073.6423,0.14517025057377578
SF-20200,Sarah Foster,Consumer,True,13019.6294,2214.168,0.1700638268551638
SF-20965,Sylvia Foulston,Corporate,False,6777.6808,1238.831,0.1827809595282209
SG-10080,Sandra Glassco,Consumer,False,1078.728,331.90799999999996,0.3076846063141032
SG-10470,Sheri Gordon,Consumer,True,3086.67,867.66,0.28109904848914846
SG-10605,Speros Goranitis,Consumer,True,2816.067,211.497,0.07510368183711538
SG-10890,Susan Gilcrest,Corporate,False,1424.778,301.00800000000004,0.21126659732253028
SG-20080,Sandra Glassco,Consumer,True,10774.5034,2551.8004,0.23683693858224594
SG-20470,Sheri Gordon,Consumer,True,10730.2773,1471.3288000000002,0.13711936410068362
SG-20605,Speros Goranitis,Consumer,True,10128.53856,1329.60556,0.13127318932772072
SG-20890,Susan Gilcrest,Corporate,True,11260.30386,240.3005600000002,0.021340504038582862
SH-10395,Shahid Hopkins,Consumer,False,129.03,-52.83,-0.4094396651941409
SH-10635,Stefanie Holloman,Corporate,False,658.98,129.87,0.19707730128380224
SH-19975,Sally Hughsby,Corporate,True,10893.50994,987.2244400000003,0.09062500933468651
SH-20395,Shahid Hopkins,Consumer,True,12849.173840000001,1112.0629399999996,0.0865474273947561
SH-20635,Stefanie Holloman,Corporate,True,13546.7458,1848.3096,0.13643938014988072
SH-9975,Sally Hughsby,Corporate,True,8058.147,808.137,0.10028819280660925
SJ-10125,Sanjit Jacobs,Home Office,False,2961.189,364.629,0.12313601056872764
SJ-10215,Sarah Jordon,Consumer,True,1359.252,179.05200000000002,0.13172833293605601
SJ-10500,Shirley Jackson,Consumer,False,454.06800000000004,34.577999999999996,0.07615158962974707
SJ-20125,Sanjit Jacobs,Home Office,True,10562.092,1463.3749,0.1385497210211765
SJ-20215,Sarah Jordon,Consumer,True,14709.69868,2332.8089800000002,0.15858985494868072
SJ-20500,Shirley Jackson,Consumer,True,12930.791,1547.2313000000001,0.11965480688691049
SK-19990,Sally Knutson,Consumer,True,10932.97152,2320.05582,0.21220724994626167
SK-9990,Sally Knutson,Consumer,False,2358.858,655.458,0.2778709019364455
SL-10155,Sara Luxemburg,Home Office,False,2451.78,655.74,0.26745466558989794
SL-20155,Sara Luxemburg,Home Office,True,14380.691,1244.1905,0.0865181304570135
SM-10005,Sally Matthias,Consumer,False,6262.380000000001,1177.89,0.188089831661445
SM-10320,Sean Miller,Home Office,True,4045.638,673.968,0.16659127682704186
SM-10905,Susan MacKendrick,Consumer,True,1711.992,247.78199999999998,0.14473315295865868
SM-10950,Suzanne McNair,Corporate,False,1336.308,161.418,0.12079400856688728
SM-20005,Sally Matthias,Consumer,False,6801.5875,350.47079999999994,0.05152779406278313
SM-20320,Sean Miller,Home Office,True,31125.29496,-1083.6743400000023,-0.03481651632193889
SM-20905,Susan MacKendrick,Consumer,False,6918.4824,1280.4929,0.18508291645000066
SM-20950,Suzanne McNair,Corporate,True,11552.77814,1009.4403399999999,0.08737641524551945
SN-10560,Skye Norling,Home Office,False,1480.104,-110.85599999999997,-0.07489743963937667
SN-10710,Steve Nguyen,Home Office,False,702.24,89.39999999999999,0.1273069036226931
SN-20560,Skye Norling,Home Office,False,12738.710000000001,-2527.1245000000004,-0.19838150801768784
SN-20710,Steve Nguyen,Home Office,True,12703.94056,2295.45126,0.18068812973098483
SO-10335,Sean O'Donnell,Consumer,False,831.498,17.417999999999964,0.020947735292207514
SO-20335,Sean O'Donnell,Consumer,True,15534.94692,2389.6256200000003,0.1538225802962705
SP-10545,Sibella Parks,Corporate,False,418.32,51.089999999999996,0.12213138267355134
SP-10620,Stefania Perrino,Corporate,True,299.568,-225.012,-0.7511216151257811
SP-10650,Stephanie Phelps,Corporate,False,770.8950000000001,-56.474999999999966,-0.07325900414453325
SP-10860,Sung Pak,Corporate,False,503.496,62.13599999999999,0.1234091234091234
SP-10920,Susan Pistek,Consumer,True,896.391,-165.21900000000005,-0.18431577291606013
SP-20545,Sibella Parks,Corporate,True,6801.1987,698.137,0.10264911095745519
SP-20620,Stefania Perrino,Corporate,True,19113.6707,242.0535000000012,0.012663894015920303
SP-20650,Stephanie Phelps,Corporate,True,10377.86844,1739.2806399999997,0.16759517140304003
SP-20860,Sung Pak,Corporate,True,12994.59246,1688.5450599999997,0.1299421328677821
SP-20920,Susan Pistek,Consumer,True,28124.21286,6649.62626,0.23643777314235562
SR-10425,Sharelle Roach,Home Office,False,281.208,-6.462000000000003,-0.022979431595118213
SR-10740,Steven Roelle,Home Office,False,2154.12,291.27,0.1352153083393683
SR-20425,Sharelle Roach,Home Office,True,12721.248940000001,-2544.726460000001,-0.20003747053471316
SR-20740,Steven Roelle,Home Office,True,17220.18,4096.0884,0.23786559722372239
SS-10140,Saphhira Shifley,Corporate,True,3491.6279999999997,905.388,0.25930253738370757
SS-10410,Shahid Shariari,Consumer,False,2348.46,318.63,0.13567614521856877
SS-10515,Shirley Schmidt,Home Office,False,424.53,130.38,0.3071161048689139
SS-10590,Sonia Sunley,Consumer,False,940.38,354.18,0.37663497734958207
SS-10875,Sung Shariari,Consumer,True,556.3140000000001,-707.826,-1.2723497880693275
SS-20140,Saphhira Shifley,Corporate,True,20138.603039999998,-1517.7162600000001,-0.07536353226613877
SS-20410,Shahid Shariari,Consumer,True,15759.481979999999,-187.11882000000054,-0.011873411844213458
SS-20515,Shirley Schmidt,Home Office,True,7480.62162,285.96612000000005,0.03822758782979322
SS-20590,Sonia Sunley,Consumer,True,12181.4264,2015.9464999999998,0.16549346798992273
SS-20875,Sung Shariari,Consumer,True,4772.150799999999,147.84879999999984,0.030981585913001715
ST-10530,Shui Tom,Consumer,False,943.26,159.54,0.1691368233572928
ST-20530,Shui Tom,Consumer,True,14064.011059999999,2074.5629599999997,0.14750862688812474
SU-10665,Stephanie Ulpright,Home Office,True,3331.134,564.684,0.1695170473478401
SU-20665,Stephanie Ulpright,Home Office,True,7442.46,-54.43209999999978,-0.007313724225592046
SV-10365,Seth Vernon,Consumer,False,1256.472,258.252,0.20553740950852864
SV-10785,Stewart Visinsky,Consumer,True,2969.4300000000003,260.85,0.08784514199694891
SV-10815,Stuart Van,Corporate,True,7728.912,-537.1379999999999,-0.06949723324576601
SV-10935,Susan Vittorini,Consumer,False,487.74600000000004,-331.69399999999996,-0.6800547826122612
SV-20365,Seth Vernon,Consumer,True,22376.44748,1964.5016799999999,0.08779327825633919
SV-20785,Stewart Visinsky,Consumer,True,14262.9351,1921.9372999999996,0.1347504764289364
SV-20815,Stuart Van,Corporate,True,14575.50118,1515.81138,0.10399720471224305
SV-20935,Susan Vittorini,Consumer,True,15197.6927,1000.1729,0.06581083850971668
SW-10245,Scot Wooten,Consumer,True,1901.91,325.59000000000003,0.17119106582330396
SW-10275,Scott Williamson,Consumer,False,1480.5780000000002,159.258,0.10756474836178843
SW-10350,Sean Wendt,Home Office,True,1244.454,-4.895999999999991,-0.003934255504823795
SW-10455,Shaun Weien,Consumer,False,2205.252,399.372,0.18110039124780297
SW-10755,Steven Ward,Corporate,False,2346.906,499.026,0.2126314390094874
SW-20245,Scot Wooten,Consumer,True,13576.68382,1622.7696199999998,0.11952621431821779
SW-20275,Scott Williamson,Consumer,True,15564.966699999999,884.9291999999999,0.05685390897752451
SW-20350,Sean Wendt,Home Office,True,6923.2494400000005,1036.4437399999997,0.1497048097114351
SW-20455,Shaun Weien,Consumer,True,6038.0162,764.1969999999999,0.12656425135129645
SW-20755,Steven Ward,Corporate,True,23321.579999999998,2295.7056,0.09843696696364483
SZ-10035,Sam Zeldin,Home Office,False,1164.1499999999999,130.62,0.11220203582012629
SZ-20035,Sam Zeldin,Home Office,True,15192.376,2785.2273,0.18333059292371384
TA-11385,Tom Ashbrook,Home Office,False,4819.95,36.98999999999991,0.007674353468396957
TA-21385,Tom Ashbrook,Home Office,True,35668.120800000004,6274.989099999999,0.1759271012674152
TB-11055,Ted Butterfield,Consumer,False,2355.138,533.058,0.22633832921892474
TB-11175,Thomas Boland,Corporate,False,850.3259999999999,175.35600000000002,0.2062220842359284
TB-11190,Thomas Brumley,Home Office,False,1115.37,179.49,0.16092417762715513
TB-11250,Tim Brockman,Consumer,True,7270.836,656.0160000000002,0.09022566318371095
TB-11280,Toby Braunhardt,Consumer,False,1574.322,193.03200000000004,0.12261278188324883
TB-11355,Todd Boyes,Corporate,False,438.16200000000003,-321.978,-0.7348377997179125
TB-11400,Tom Boeckenhauer,Consumer,False,3103.323,724.593,0.23348939185511788
TB-11520,Tracy Blumstein,Consumer,True,3991.521,455.4509999999999,0.11410462327518756
TB-11595,Troy Blackwell,Consumer,False,752.0699999999999,219.63,0.2920339861980933
TB-11625,Trudy Brown,Consumer,False,1810.752,-366.8579999999997,-0.20259980383840512
TB-21055,Ted Butterfield,Consumer,True,13671.71072,1026.2110199999997,0.07506090795929303
TB-21175,Thomas Boland,Corporate,True,16573.5984,2111.0459,0.1273740227710598
TB-21190,Thomas Brumley,Home Office,True,10686.471520000001,1872.82132,0.17525160821277327
TB-21250,Tim Brockman,Consumer,True,11830.0907,2409.6902,0.20369160821395899
TB-21280,Toby Braunhardt,Consumer,True,10127.01266,1054.4293599999996,0.10412047416162701
TB-21355,Todd Boyes,Corporate,False,9205.113,1093.992,0.1188461238878871
TB-21400,Tom Boeckenhauer,Consumer,True,21375.988,3471.7568999999994,0.1624138683086835
TB-21520,Tracy Blumstein,Consumer,True,16716.76172,-198.08938000000043,-0.01184974598058699
TB-21595,Troy Blackwell,Consumer,True,8437.989,1219.0209,0.14446817837757314
TB-21625,Trudy Brown,Consumer,True,13266.1971,1867.5211,0.14077290469323722
TC-10980,Tamara Chand,Corporate,True,3239.064,-114.57599999999996,-0.03537318188217336
TC-11145,Theresa Coyne,Corporate,True,3799.926,1228.8059999999998,0.3233762973278953
TC-11295,Toby Carlisle,Consumer,False,730.908,233.92800000000003,0.3200512239570507
TC-11475,Tony Chapman,Home Office,True,1907.7540000000001,219.86399999999998,0.11524756336508793
TC-11535,Tracy Collins,Home Office,False,2214.9719999999998,-1355.6579999999997,-0.612042951333019
TC-20980,Tamara Chand,Corporate,True,34218.26899999999,8787.4749,0.25680652928410846
TC-21145,Theresa Coyne,Corporate,True,18419.94306,2131.0062599999997,0.1156901654396319
TC-21295,Toby Carlisle,Consumer,True,19391.8981,1263.5488000000003,0.0651585932168239
TC-21475,Tony Chapman,Home Office,True,10722.52656,1181.26456,0.11016662475863338
TC-21535,Tracy Collins,Home Office,False,8888.0601,1738.6551,0.19561693782876197
TD-10995,Tamara Dahlen,Consumer,True,780.378,-769.812,-0.986460407648601
TD-20995,Tamara Dahlen,Consumer,True,6924.187499999999,-178.3107999999998,-0.0257518734147508
TG-11310,Toby Gnade,Consumer,False,714.4169999999999,243.537,0.3408891445752271
TG-11640,Trudy Glocke,Consumer,True,4906.533,1106.253,0.2254653132874068
TG-21310,Toby Gnade,Consumer,True,12305.231600000001,2742.92,0.2229068163170533
TG-21640,Trudy Glocke,Consumer,True,13973.7773,1989.9868000000001,0.14240865281286544
TH-11100,Thea Hendricks,Consumer,True,1856.19,364.71,0.19648311864625925
TH-11115,Thea Hudgings,Corporate,True,1870.17,490.34999999999997,0.2621954153900447
TH-11235,Tiffany House,Corporate,True,3901.347,549.567,0.14086596244835436
TH-11550,Tracy Hopkins,Home Office,False,283.83000000000004,-24.20999999999999,-0.0852975372582179
TH-21100,Thea Hendricks,Consumer,True,13684.872599999999,1587.7861,0.11602490913945375
TH-21115,Thea Hudgings,Corporate,True,13483.62368,1775.33778,0.131666221346219
TH-21235,Tiffany House,Corporate,True,12896.252,1106.7199999999998,0.0858171816121459
TH-21550,Tracy Hopkins,Home Office,True,12808.9063,-709.5375000000008,-0.055394073731338075
TM-11010,Tamara Manning,Consumer,False,300.66600000000005,-270.504,-0.8996827043962402
TM-11490,Tony Molinari,Consumer,False,2063.022,-877.5479999999999,-0.4253701608611057
TM-21010,Tamara Manning,Consumer,True,14158.962599999999,2198.6378999999997,0.15528241454638772
TM-21490,Tony Molinari,Consumer,True,13908.8563,2378.5193,0.17100753999449977
TN-11040,Tanja Norvell,Home Office,False,187.35,26.310000000000002,0.14043234587670136
TN-21040,Tanja Norvell,Home Office,True,9410.26404,-732.4921599999999,-0.07783970320985806
TP-11130,Theone Pippenger,Consumer,True,1261.4489999999998,109.479,0.08678828870608325
TP-11415,Tom Prescott,Consumer,False,1950.948,467.14799999999997,0.2394466690039919
TP-11565,Tracy Poddar,Corporate,False,857.37,145.17,0.16932013016550612
TP-21130,Theone Pippenger,Consumer,True,22697.57728,1964.40738,0.0865470070116664
TP-21415,Tom Prescott,Consumer,True,10926.72382,-120.9607800000003,-0.01107017821559622
TP-21565,Tracy Poddar,Corporate,True,12429.801300000001,1650.49,0.13278490622372216
TR-11325,Toby Ritter,Consumer,True,2395.716,669.876,0.2796141111884714
TR-21325,Toby Ritter,Consumer,True,10033.18706,1767.02946,0.17611846060806924
TS-11085,Thais Sissman,Consumer,False,1390.68,249.12,0.17913538700491846
TS-11160,Theresa Swint,Corporate,True,1130.07,194.67000000000002,0.17226366508269403
TS-11205,Thomas Seio,Corporate,True,641.6460000000001,-0.8940000000000081,-0.0013932916280940083
TS-11340,Toby Swindell,Consumer,False,1631.316,225.84599999999998,0.13844405375782495
TS-11370,Todd Sumrall,Corporate,False,4573.584,992.814,0.21707571130212105
TS-11430,Tom Stivers,Corporate,False,5812.08,1811.97,0.3117593013172565
TS-11505,Tony Sayre,Consumer,False,2123.946,-157.49399999999994,-0.07415160272436302
TS-11610,Troy Staebel,Consumer,False,2011.14,105.42,0.05241803156418747
TS-11655,Trudy Schmidt,Consumer,False,452.88,73.17,0.16156597774244832
TS-21085,Thais Sissman,Consumer,True,5395.2094,860.4408000000001,0.15948237338109622
TS-21160,Theresa Swint,Corporate,False,6805.942,939.3524000000001,0.13801945417695305
TS-21205,Thomas Seio,Corporate,True,13888.62492,2350.4426200000003,0.16923508508141066
TS-21340,Toby Swindell,Consumer,True,16997.02948,2377.1185799999994,0.13985494246492294
TS-21370,Todd Sumrall,Corporate,True,23201.678,4101.1514,0.17676098254617617
TS-21430,Tom Stivers,Corporate,True,9532.9166,553.0182999999998,0.05801144845849169
TS-21505,Tony Sayre,Consumer,True,17613.416299999997,2306.8402,0.13097062833858078
TS-21610,Troy Staebel,Consumer,True,20565.95,1614.1479,0.07848642537786972
TS-21655,Trudy Schmidt,Consumer,True,9525.4572,952.4494999999998,0.09998989864759456
TT-11070,Ted Trevino,Consumer,False,1572.3300000000002,621.9599999999999,0.3955658163362652
TT-11220,Thomas Thornton,Consumer,True,1826.4,472.38,0.2586399474375821
TT-11265,Tim Taslimi,Corporate,True,5049.0419999999995,1269.792,0.25149166911267523
TT-11460,Tonja Turnell,Home Office,True,1649.7839999999999,-160.14600000000002,-0.09707088928005123
TT-21070,Ted Trevino,Consumer,False,15673.0639,1698.3985999999998,0.10836417249597252
TT-21220,Thomas Thornton,Consumer,True,13224.56416,1188.8272599999998,0.08989538298704884
TT-21265,Tim Taslimi,Corporate,False,4730.638,15.044199999999929,0.00318016301395286
TT-21460,Tonja Turnell,Home Office,True,18432.01346,2390.93536,0.12971645041322577
TW-11025,Tamara Willingham,Home Office,False,323.10900000000004,-137.87099999999995,-0.42670120609453754
TW-21025,Tamara Willingham,Home Office,True,13931.8966,3412.9510999999998,0.2449739039837548
TZ-11445,Tom Zandusky,Corporate,False,745.14,250.76999999999998,0.3365407842821483
TZ-11580,Tracy Zic,Consumer,False,403.014,-275.0759999999999,-0.6825470082925157
TZ-21445,Tom Zandusky,Corporate,True,14601.671400000001,116.7214000000002,0.007993701323808739
TZ-21580,Tracy Zic,Consumer,False,10455.5278,194.96049999999985,0.018646643548688176
VB-11745,Victoria Brennan,Corporate,False,783.6300000000001,190.83,0.24352053902989929
VB-21745,Victoria Brennan,Corporate,True,9961.050000000001,717.7337999999999,0.07205403044859726
VD-11670,Valerie Dominguez,Consumer,False,1230.051,-211.74899999999994,-0.17214652075401748
VD-21670,Valerie Dominguez,Consumer,True,14754.8714,2243.6648,0.15206264691673288
VF-11715,Vicky Freymann,Home Office,False,602.3520000000001,4.722000000000003,0.007839270061359475
VF-21715,Vicky Freymann,Home Office,True,12000.133,21.391000000000002,0.0017825635765870264
VG-11790,Vivek Gonzalez,Consumer,False,386.17199999999997,47.44200000000001,0.12285199341226193
VG-11805,Vivek Grady,Corporate,False,1190.22,140.31000000000003,0.11788576901749259
VG-21790,Vivek Gonzalez,Consumer,True,9908.6065,-411.86669999999975,-0.041566561352496915
VG-21805,Vivek Grady,Corporate,True,22573.37116,3906.59616,0.17306215063359637
VM-11685,Valerie Mitchum,Home Office,False,858.978,-94.96199999999997,-0.11055230750962187
VM-11835,Vivian Mathis,Consumer,False,1270.41,338.07000000000005,0.26611094056249557
VM-21685,Valerie Mitchum,Home Office,True,13708.12232,-1550.83678,-0.11313269197615389
VM-21835,Vivian Mathis,Consumer,True,2621.817,318.8443,0.1216119584242531
VP-11730,Victor Preis,Home Office,False,432.00000000000006,-508.41,-1.176875
VP-11760,Victoria Pisteka,Corporate,False,1615.6619999999998,374.712,0.2319247466363633
VP-21730,Victor Preis,Home Office,True,11629.269,2741.2058,0.23571608843169764
VP-21760,Victoria Pisteka,Corporate,True,16935.5635,2016.1507,0.11904833872223973
VS-11820,Vivek Sundaresam,Consumer,False,1136.214,126.534,0.11136458448848545
VS-21820,Vivek Sundaresam,Consumer,True,10275.775,1460.0846999999999,0.14208998348056473
VT-11700,Valerie Takahito,Home Office,False,1271.442,178.572,0.14044840425280902
VT-21700,Valerie Takahito,Home Office,True,18099.3061,912.2111999999997,0.05040034103848874
VW-11775,Victoria Wilson,Corporate,True,1253.166,252.486,0.20147849526718728
VW-21775,Victoria Wilson,Corporate,True,15785.3774,41.894899999999794,0.002654032205780509
WB-11850,William Brown,Consumer,False,182.53200000000004,-146.59800000000004,-0.8031358885017422
WB-21850,William Brown,Consumer,True,16704.6612,2694.5002999999997,0.16130230165937157
XP-11865,Xylona Preis,Consumer,False,1011.798,65.148,0.0643883462904651
XP-21865,Xylona Preis,Consumer,True,11187.1526,1239.5746,0.11080340497009042
YC-11895,Yoseph Carroll,Corporate,False,166.29899999999998,22.269,0.13390940414554509
YC-21895,Yoseph Carroll,Corporate,True,19998.0786,4324.9076,0.21626615668967314
YS-11880,Yana Sorensen,Corporate,False,1328.832,358.81199999999995,0.2700205895101863
YS-21880,Yana Sorensen,Corporate,True,18703.606,3091.5943,0.16529402405076327
ZC-11910,Zuschuss Carroll,Consumer,False,7.173000000000001,-15.566999999999998,-2.170221664575491
ZC-21910,Zuschuss Carroll,Consumer,True,28472.81926,452.50325999999905,0.015892464173215808
ZD-11925,Zuschuss Donatelli,Consumer,True,2951.226,478.41600000000005,0.16210754445779485
ZD-21925,Zuschuss Donatelli,Consumer,True,9479.3444,-276.6789000000001,-0.029187556472787306
